"Name","Path","Position","Is Active","Url Key","Description","Image","Page Title","Meta Keywords","Meta Description","Include In Menu","Display Mode","CMS Block","Is Anchor","Availabe Sort By","Default Sort By","Page Layout","Custom Layout Update"
"Computer","OS-STore.com Products","131","Yes","computer","Computer: Laptop computers,notebooks are the hottest sellers on the market today. As technology has advanced and gotten smaller, notebook computers are more powerful, more portable, and have longer battery lives than ever before. Shop our selection of new and used laptops, computer accessories, TV Card, keyboard & Mouse, CPU,BGA,Hard drive,Networking Devicer,DRAM/Memory and more.","computer.gif","os-store.com - computer accessories,Laptop hardware,computer hardware,pc parts,Netbooks","PC Accessories,Computer Hardware, Computer Parts,laptops, notebooks","Os-store.com offers the best deals on PC Accessories,Computer Hardware, Computer Parts ,laptop computer with Fast and Easy Shipping.","Yes","Products only","","Yes","Best Value,Name,Price","","No layout updates",""
"Converter","OS-STore.com Products","148","Yes","converter","Converter Device","QQ_20130111104452.jpg","Converter Device","Converter Device","Converter Device","Yes","Products only","","No","Best Value,Name,Price","","No layout updates",""
"MID Tablet PC","OS-STore.com Products","128","Yes","mid-tablet-pc","MID Tablet PC Apple iPad Acer Asus Amazon Dell HTC Huawei HYUNDAI Lenovo Motorola Samsung ViewSonic Google Android Windows Capacitive Touch Screen 7"" 7.9"" 8"" 8.9"" 9"" 9.7"" 10.1"" inch WIFI 3G Camera GPS HDMI","ViewSonic_Pad_VB100a_Pro.jpg","os-store.com - Android Windows Touch Screen MID Tablet PC","MID Tablet PC Apple iPad Acer Asus Amazon Dell HTC Huawei HYUNDAI Lenovo Motorola Samsung ViewSonic Google Android Windows Capacitive Touch Screen 7"" 7.9"" 8"" 8.9"" 9"" 9.7"" 10.1"" inch WIFI 3G Camera GPS HDMI","Os-store.com offers the best deals on MID Tablet PC Apple iPad Acer Asus Amazon Dell HTC Huawei HYUNDAI Lenovo Motorola Samsung ViewSonic Google Android Windows Capacitive Touch Screen 7"" 7.9"" 8"" 8.9"" 9"" 9.7"" 10.1"" inch WIFI 3G Camera GPS HDMI","Yes","Products only","","No","Best Value,Name,Price","","No layout updates",""
"Special Offer","OS-STore.com Products","124","Yes","special-offer","Special , Hot , Promotion , discount offer","special_offer.gif","","Special , Hot , Promotion , discount offer","Special , Hot , Promotion , discount offer","Yes","Products only","","No","Best Value,Name,Price","","No layout updates",""
"Special Offer","atech-eu.com products","1","Yes","special-offer","Special , Hot , Promotion , discount offer","","","","","Yes","Products only","","No","","","No layout updates",""
"Professional Tools","OS-STore.com Products","153","Yes","tools","Professional Tools","tools.gif","Professional Tools","Professional Tools","Professional Tools","Yes","Products only","","No","Best Value,Name,Price","","No layout updates",""
"FoodStuff","OS-STore.com Products","160","Yes","foodstuff","","food_logo_natural_43_1.jpg","","","","Yes","Products only","","No","Best Value,Name,Price","","No layout updates",""
"Other","OS-STore.com Products","246","Yes","other","","other.gif","","","","Yes","Products only","","Yes","","","No layout updates",""
"Appliance","OS-STore.com Products","161","No","tea-tools","","","","","","Yes","Products only","","No","","","No layout updates",""
"Security Products","OS-STore.com Products","140","Yes","security-products","High quality Wireless Baby Monitor, High Definition IP Camera,CCTV Sony&Sharp Eiffo-E Camera,H.264 DVR&NVR, Security Monitors,Wireless Camera ,Video Doorphone,Alarm Product,Smart Home Product, please contact us. ","nEO_IMG_Security_products.jpg","os-store.com - Wireless Baby Monitor, High Definition IP Camera,CCTV Sony&Sharp Eiffo-E Camera","Wireless Baby Monitor, High Definition IP Camera,CCTV Sony&Sharp Eiffo-E Camera,H.264 DVR&NVR, Security Monitors,Wireless Camera ,Video Doorphone,Alarm Product,Smart Home Product","Os-store.com offers the best deals on Wireless Baby Monitor,High Definition IP Camera, Eiffo-E Camera,DVR,Video Doorphone,Alarm Product Fast and Easy Shipping.","Yes","Products only","","No","Best Value,Name,Price","","No layout updates",""
"OSST Products","OS-STore.com Products","125","No","osst-products","","","","","","Yes","Products only","","No","Best Value,Name,Price","","No layout updates",""
"Connectors","OS-STore.com Products","146","Yes","connectors","Connectors Component Device","connector_1.gif","Connectors Component Device","Connectors Component Device","Connectors Component Device","Yes","Products only","","Yes","Best Value,Name,Price","","No layout updates",""
"3G & Wireless Card","OS-STore.com Products","127","Yes","wireless-card","Wireless WLAN WIFI Card Module Adapter Half Mini PCI-Express USB PCMICA Laptop Desktop 802.11 a/b/g/n+ 802.16e WiMax 2G 3G 4G GPRS LTE GSM HSPA+ HSDAP+ HSUPA+ EVDO WCDMA2000 EDGE UMTS","3gwifi.gif","Wireless WLAN WIFI Card Module Adapter Half Mini PCI-Express USB PCMICA Laptop Desktop 802.11 a/b/g/n+ 802.16e WiMax 2G 3G 4G GPRS LTE GSM HSPA+ HSDAP+ HSUPA+ EVDO WCDMA2000 EDGE UMTS","Wireless WLAN WIFI Card Module Adapter Half Mini PCI-Express USB PCMICA Laptop Desktop 802.11 a/b/g/n+ 802.16e WiMax 2G 3G 4G GPRS LTE GSM HSPA+ HSDAP+ HSUPA+ EVDO WCDMA2000 EDGE UMTS","Wireless WLAN WIFI Card Module Adapter Half Mini PCI-Express USB PCMICA Laptop Desktop 802.11 a/b/g/n+ 802.16e WiMax 2G 3G 4G GPRS LTE GSM HSPA+ HSDAP+ HSUPA+ EVDO WCDMA2000 EDGE UMTS","Yes","Products only","","Yes","Best Value,Name,Price","","No layout updates",""
"New Arrivals ","OS-STore.com Products","237","No","new-arrivals","","","","","","Yes","Products only","","No","","","No layout updates",""
"Jewelry","OS-STore.com Products","224","No","jewelry","","","","","","Yes","Products only","","No","","","No layout updates",""
"Mobile Phone & PDA","OS-STore.com Products","139","Yes","cell-phone-pda","Mobile Phone Cell Phone PDA Accessories LCD Display Screen Touch Digitizer Panel Housing Case Back Cover Battery Memory Card Protect Charger","Motorola_A1200_Ming_1.jpg","Mobile Phone Cell Phone PDA Accessories LCD Display Screen Touch Digitizer Panel Housing Case Back Cover Battery Memory Card Protect Charger","Mobile Phone Cell Phone PDA Accessories LCD Display Screen Touch Digitizer Panel Housing Case Back Cover Battery Memory Card Protect Charger","Mobile Phone Cell Phone PDA Accessories LCD Display Screen Touch Digitizer Panel Housing Case Back Cover Battery Memory Card Protect Charger","Yes","Products only","","Yes","Best Value,Name,Price","","No layout updates",""
"Watches_accessories","OS-STore.com Products","223","No","watches-acces","","","","","","Yes","Products only","","No","","","No layout updates",""
"Sporting_Goods","OS-STore.com Products","229","No","sporting-goods","","","","","","Yes","Products only","","No","","","No layout updates",""
"Toys","OS-STore.com Products","231","No","toys","","","","","","Yes","Products only","","No","","","No layout updates",""
"Software","OS-STore.com Products","159","Yes","software","Download software, discounts & coupons for antivirus, spyware blockers, security suites, design, multimedia, tax software downloads","software_1.jpg","Software and download-os-store.com","os-store software,software download","Download software, discounts & coupons for antivirus, spyware blockers, security suites, design, multimedia, tax software downloads","Yes","Products only","","No","Best Value,Name,Price","","No layout updates",""
"Babys","OS-STore.com Products","228","No","babys","","","","","","Yes","Products only","","No","","","No layout updates",""
"Books","OS-STore.com Products","232","No","books","","","","","","Yes","Products only","","No","","","No layout updates",""
"Makeup","OS-STore.com Products","233","No","makeup","","","","","","Yes","Products only","","No","","","No layout updates",""
"Apple iPhone iPad iPod","OS-STore.com Products","126","Yes","apple-iphone-ipad-ipod","Here, we offer different kinds of Apple parts, such as display screen, flex cable, housing, touch screen and so on. These Apple parts are high quality and low price, choose some phone parts for your Apple. ","2_1.jpg","Apple iPhone iPad iPod parts","Apple IPhone IPod IPad LCD Display,Touch Digitizer Screen,Housing Cover,Battery,Flex Cable,Charger,Earphone","Os-store.com offers the best deals on Apple IPhone IPod IPad LCD Display,Touch Digitizer Screen,Housing Cover,Battery,Flex Cable,Charger,Earphone with Fast and Easy Shipping.","Yes","Products only","","No","Best Value,Name,Price","","No layout updates",""
"Service","OS-STore.com Products","235","No","service","","","","","","Yes","Products only","","No","","","No layout updates",""
"IC Chipset","OS-STore.com Products","134","Yes","ic-chipset","We wholesale sis chipset,Analog chipset,Maxim chipset,Nvidia chipset,ATI chipset,Intel chipset and so on","icchipset1.gif","Os-store.com - chipset,South Bridge chipset,chip sets,motherboard chipset,computer ic","sis chipset,Analog chipset,Maxim chipset,Nvidia chipset,ATI chipset,Intel chipset","Os-store.com offer the best deals on sis chipset,Analog chipset,Maxim chipset,Nvidia chipset,ATI chipset,Intel chipset with Fast and Easy Shipping","Yes","Products only","","Yes","Best Value,Name,Price","","No layout updates",""
"Projector","OS-STore.com Products","145","Yes","projector","shopping projector,video projector,LCD projector,DLP & HD projector online.","projector.gif","Projector suppliers, Video, LCD, DLP & HD Projectors","Projector suppliers, Video, LCD, DLP & HD Projectors","os-store is a leading supplier of projector,video projector,LCD projector,DLP & HD projector.","Yes","Products only","","No","Best Value,Name,Price","","No layout updates",""
"Digital Products","OS-STore.com Products","142","Yes","digital-products","os-store is a leading of digital products. Whether you\'re looking to sell, promote, or shop for digital goods, os-store.com is for you","digitalproducts.gif","Digital Products,wholesale digital products,os-store.com","digital products,digital goods,wholesale digital products","os-store is a leading of digital products. Whether you\'re looking to sell, promote, or shop for digital goods, os-store is for you","Yes","Products only","","No","Best Value,Name,Price","","No layout updates",""
"Video Game","OS-STore.com Products","143","Yes","video-game","PSP PS2 PS3 WII Xbox 360 Nintendo DS LCD Display Screen Housing Case Back Cove Battery Memory Card Protect Charger Repair Parts","videogame.gif","os-store.com - PSP PS2 PS3 WII Xbox 360 Nintendo DS LCD Display Screen Housing Case Back Cove Battery Memory Card Protect Charger Repair Parts","PSP PS2 PS3 WII Xbox 360 Nintendo DS LCD Display Screen Housing Case Back Cove Battery Memory Card Protect Charger Repair Parts","PSP PS2 PS3 WII Xbox 360 Nintendo DS LCD Display Screen Housing Case Back Cove Battery Memory Card Protect Charger Repair Parts","Yes","Products only","","No","Best Value,Name,Price","","No layout updates",""
"Camera & Parts","OS-STore.com Products","141","Yes","camera-parts","Battery HandyCam Video Digital Camera Charger Case Cam DC DSC recharger Lenses Filters Tripods Supports Lighting Grip Holder","2011031016150731492.jpg","Battery HandyCam Video Digital Camera Charger Case Cam DC DSC recharger Lenses Filters Tripods Supports Lighting Grip Holder","Battery HandyCam Video Digital Camera Charger Case Cam DC DSC recharger Lenses Filters Tripods Supports Lighting Grip Holder","Battery HandyCam Video Digital Camera Charger Case Cam DC DSC recharger Lenses Filters Tripods Supports Lighting Grip Holder","Yes","Products only","","No","Best Value,Name,Price","","No layout updates",""
"LG","OS-STore.com Products/Mobile Phone & PDA","98","Yes","lg","LG Mobile Phone LCD Display Touch Digitizer Screen Housing Case Battery Cover","lg-optimus-2x-2.jpg","os-store.com - LG Mobile Phone LCD Display Touch Digitizer Screen Housing Case Battery Cover","LG Mobile Phone LCD Display Touch Digitizer Screen Housing Case Battery Cover","LG Mobile Phone LCD Display Touch Digitizer Screen Housing Case Battery Cover","Yes","Products only","","No","Best Value,Name,Price","","No layout updates",""
"Battery","OS-STore.com Products/Computer","74","Yes","laptop-battery","","","","","","Yes","Products only","","No","Best Value,Name,Price","","No layout updates",""
"Sony Ericsson","OS-STore.com Products/Mobile Phone & PDA","97","Yes","sony-ericsson","Sony Ericsson Mobile Phone LCD Display Touch Digitizer Screen Housing Case Battery Cover","file_14.jpg","os-store.com - Sony Ericsson Mobile Phone LCD Display Touch Digitizer Screen Housing Case Battery Cover","Sony Ericsson Mobile Phone LCD Display Touch Digitizer Screen Housing Case Battery Cover","Sony Ericsson Mobile Phone LCD Display Touch Digitizer Screen Housing Case Battery Cover","Yes","Products only","","No","Best Value,Name,Price","","No layout updates",""
"Smart Home","OS-STore.com Products/Security Products","7","Yes","smart-home","","nEO_IMG_Smart_Honme.jpg","","","","Yes","Products only","","No","Best Value,Name,Price","","No layout updates",""
"Access Control System","OS-STore.com Products/Security Products","5","Yes","access-control-system","","nEO_IMG_Access_Control_System.jpg","","","","Yes","Products only","","No","Best Value,Name,Price","","No layout updates",""
"Alarm System","OS-STore.com Products/Security Products","6","Yes","alarm-system","","nEO_IMG_Alarm_System.jpg","","","","Yes","Products only","","No","Best Value,Name,Price","","No layout updates",""
"USB","OS-STore.com Products/Connectors","2","Yes","usb","","","","","","Yes","Products only","","No","Best Value,Name,Price","","No layout updates",""
"Sugar & Snacks","OS-STore.com Products/FoodStuff","5","Yes","sugar-snacks","","","","","","Yes","Products only","","No","Best Value,Name,Price","","No layout updates",""
"Wine & Alcohol","OS-STore.com Products/FoodStuff","3","Yes","wine-alcohol","","","","","","Yes","Products only","","No","Best Value,Name,Price","","No layout updates",""
"Biscuit & Cookie","OS-STore.com Products/FoodStuff","4","No","biscuit-cookie","","","","","","Yes","Products only","","No","","","No layout updates",""
"Computer Accessories","OS-STore.com Products/OSST Products","3","Yes","computer-accessories","","","","","","Yes","Products only","","No","Best Value,Name,Price","","No layout updates",""
"Mobile Accessories","OS-STore.com Products/OSST Products","17","Yes","mobile-accessories","","","","","","Yes","Products only","","No","Best Value,Name,Price","","No layout updates",""
"Burn Card","OS-STore.com Products/Video Game","34","No","burn-card","","TTDS_burn_card_white_back_nEO_IMG.jpg","","","","Yes","Products only","","No","Best Value,Name,Price","","No layout updates",""
"Digital Products","OS-STore.com Products/OSST Products","18","Yes","digital-products","","","","","","Yes","Products only","","No","Best Value,Name,Price","","No layout updates",""
"Apparel","OS-STore.com Products/OSST Products","19","Yes","apparel","","","","","","Yes","Products only","","No","","","No layout updates",""
"Mobile Phone","OS-STore.com Products/Mobile Phone & PDA","99","Yes","mobile-phone","iPhone BlackBerry HTC Samsung Motorola Nokia Sony Ericsson LG Lenovo Alcatel SmartPhone Mobile Cell Phone","1_12.jpg","os-store.com - iPhone BlackBerry HTC Samsung Motorola Nokia Sony Ericsson LG Lenovo Alcatel SmartPhone Mobile Cell Phone","iPhone BlackBerry HTC Samsung Motorola Nokia Sony Ericsson LG Lenovo Alcatel SmartPhone Mobile Cell Phone","iPhone BlackBerry HTC Samsung Motorola Nokia Sony Ericsson LG Lenovo Alcatel SmartPhone Mobile Cell Phone","Yes","Products only","","No","Best Value,Name,Price","","No layout updates",""
"Card Adapter","OS-STore.com Products/Computer","67","Yes","card-adapter","We offer the best price on debug card,memory card adapter,hard disk driver adapter","","We offer the best price on debug card,memory card adapter,hard disk driver adapter","We offer the best price on debug card,memory card adapter,hard disk driver adapter","We offer the best price on debug card,memory card adapter,hard disk driver adapter","Yes","Products only_AND_Static block only","","Yes","Best Value,Name,Price","","No layout updates",""
"Coffee","OS-STore.com Products/FoodStuff","2","Yes","coffee","","","","","","Yes","Products only","","No","Best Value,Name,Price","","No layout updates",""
"Security Camera Systems","OS-STore.com Products/Security Products","4","Yes","security-camera-systems","","nEO_IMG_Security_products_1.jpg","","","","Yes","Products only","","No","Best Value,Name,Price","","No layout updates",""
"VGA to HDMI","OS-STore.com Products/Converter","6","Yes","vga-to-hdmi","","","","","","Yes","Products only","","No","Best Value,Name,Price","","No layout updates",""
"CCTV Camera","OS-STore.com Products/Security Products","3","Yes","cctv-camera","Here,we offer different kinds of CCTV Watrproof IR Camera, Sony&Sharp Eiffo-E Camera,Dome Camera,420TVL,480TVL,540TVL,600TVL,650TVL,700TVL CCD Camera.","nEO_IMG_CCTV_Camera.jpg","os-store.com - CCTV Watrproof IR Camera, Sony&Sharp Eiffo-E Camera","CCTV Watrproof IR Camera, Sony&Sharp Eiffo-E Camera,Dome Camera,420TVL,480TVL,540TVL,600TVL,650TVL,700TVL CCD Camera.
","Os-store.com offers the best CCTV Watrproof IR Camera, Sony&Sharp Eiffo-E Camera,Dome Camera,420TVL,480TVL,540TVL,600TVL,650TVL,700TVL CCD Camera with Fast and Easy Shipping.","Yes","Products only","","No","Best Value,Name,Price","","No layout updates",""
"HDMI to VGA","OS-STore.com Products/Converter","3","Yes","hdmi-to-vga","","","","","","Yes","Products only","","No","Best Value,Name,Price","","No layout updates",""
"WII to HDMI","OS-STore.com Products/Converter","4","Yes","wii-to-hdmi","","","","","","Yes","Products only","","No","Best Value,Name,Price","","No layout updates",""
"Fan","OS-STore.com Products/Other","3","Yes","fan","","","","","","Yes","Products only","","No","","","No layout updates",""
"VIDEO to HDMI","OS-STore.com Products/Converter","7","Yes","video-to-hdmi","","","","","","Yes","Products only","","No","Best Value,Name,Price","","No layout updates",""
"HDMI to CVBS","OS-STore.com Products/Converter","8","Yes","hdmi-to-cvbs","","","","","","Yes","Products only","","No","Best Value,Name,Price","","No layout updates",""
"AV to VGA  to AV ","OS-STore.com Products/Converter","9","Yes","av-to-vga-to-av","","","","","","Yes","Products only","","No","Best Value,Name,Price","","No layout updates",""
"Digital to Analog","OS-STore.com Products/Converter","10","Yes","digital-to-analog","","","","","","Yes","Products only","","No","Best Value,Name,Price","","No layout updates",""
"HDMI Splitter","OS-STore.com Products/Converter","11","Yes","hdmi-splitter","","","","","","Yes","Products only","","No","Best Value,Name,Price","","No layout updates",""
"EXTENDER","OS-STore.com Products/Converter","12","Yes","extender","","","","","","Yes","Products only","","No","Best Value,Name,Price","","No layout updates",""
"Other","OS-STore.com Products/Computer","82","Yes","other","AMD Intel Alumium Copper CPU Fan","","AMD Intel Alumium Copper CPU Fan","AMD Intel Alumium Copper CPU Fan","AMD Intel Alumium Copper CPU Fan","Yes","Products only","","No","Best Value,Name,Price","","No layout updates",""
"MINI CONVERTER","OS-STore.com Products/Converter","13","Yes","mini-converter","","","","","","Yes","Products only","","No","Best Value,Name,Price","","No layout updates",""
"Packaging","OS-STore.com Products/Other","4","Yes","packaging","Packaging","file_7.jpg","Packaging","Packaging","Packaging","Yes","Products only","","No","","","No layout updates",""
"Digital Camera","OS-STore.com Products/Camera & Parts","22","Yes","digital-camera","Digital Camera cameras DC DSC Photo such as Sony Nikon Samsung Panasonic canon Casio Kodak Olympus Ricoh Fujifilm Leica Pentax ","65480763.jpg","Digital Camera cameras DC DSC Photo such as Sony Nikon Samsung Panasonic canon Casio Kodak Olympus Ricoh Fujifilm Leica Pentax ","Digital Camera cameras DC DSC Photo such as Sony Nikon Samsung Panasonic canon Casio Kodak Olympus Ricoh Fujifilm Leica Pentax ","Digital Camera cameras DC DSC Photo such as Sony Nikon Samsung Panasonic canon Casio Kodak Olympus Ricoh Fujifilm Leica Pentax ","Yes","Products only","","No","Best Value,Name,Price","","No layout updates",""
"Traditional Camera","OS-STore.com Products/Camera & Parts","33","No","traditional-camera","","","","","","Yes","Products only","","No","Best Value,Name,Price","","No layout updates",""
"CPU Base","OS-STore.com Products/Connectors","1","Yes","cpu-base","CPU Base BGA Socket","Foxconn_socket_LGA775_nEO_IMG.jpg","CPU Base BGA Socket","CPU Base BGA Socket","CPU Base BGA Socket","Yes","Products only","","No","Best Value,Name,Price","","No layout updates",""
"Tea Products","OS-STore.com Products/FoodStuff","1","Yes","tea-products","Pure Natural Tea enjoy life keep Health , reduce blood of fat , lose weight of adipose ; Taiwan High mountain tea , China Tea , Oolong Tea , Pu-Erh Tea , Green Black Dark White Yellow Tea TeaBag
","tea_produccts_main_mlogo_1.jpg","Pure Natural Tea enjoy life keep Health , reduce blood of fat , lose weight of adipose ; Taiwan High mountain tea , China Tea , Oolong Tea , Pu-Erh Tea , Green Black Dark White Yellow Tea TeaBag","Pure Natural Tea enjoy life keep Health , reduce blood of fat , lose weight of adipose ; Taiwan High mountain tea , China Tea , Oolong Tea , Pu-Erh Tea , Green Black Dark White Yellow Tea TeaBag
","Pure Natural Tea enjoy life keep Health , reduce blood of fat , lose weight of adipose ; Taiwan High mountain tea , China Tea , Oolong Tea , Pu-Erh Tea , Green Black Dark White Yellow Tea TeaBag
","Yes","Products only","","Yes","Best Value,Name,Price","","No layout updates",""
"iPod","OS-STore.com Products/Apple iPhone iPad iPod","16","Yes","ipod","Here, we offer different kinds of Apple IPod parts, such as display screen, flex cable, housing, touch screen and so on. These Apple parts are high quality and low price, choose some phone parts for your Apple iPod. ","4.jpg","Apple iPod LCD Display Touch Digitizer Screen Housing Cover Battery Flex Cable Patrs","Apple IPod LCD Display,Touch Digitizer Screen,Housing Cover,Battery,Flex Cable,Charger,Earphone","Os-store.com offers the best deals on Apple IPod LCD Display,Touch Digitizer Screen,Housing Cover,Battery,Flex Cable,Charger,Earphone with Fast and Easy Shipping.","Yes","Products only","","No","Best Value,Name,Price","","No layout updates",""
"iPad","OS-STore.com Products/Apple iPhone iPad iPod","17","Yes","ipad","Here, we offer different kinds of Apple IPad parts, such as display screen, flex cable, housing, touch screen and so on. These Apple parts are high quality and low price, choose some phone parts for your Apple. ","6.jpg","Apple iPad LCD Display Touch Digitizer Screen Housing Cover Battery Flex Cable Patrs","Apple IPad LCD Display,Touch Digitizer Screen,Housing Cover,Battery,Flex Cable,Charger,Earphone","Os-store.com offers the best deals on Apple IPad LCD Display,Touch Digitizer Screen,Housing Cover,Battery,Flex Cable,Charger,Earphone with Fast and Easy Shipping.","Yes","Products only","","No","Best Value,Name,Price","","No layout updates",""
"Battery","OS-STore.com Products/Mobile Phone & PDA","115","Yes","battery","iPhone BlackBerry HTC Samsung Motorola Nokia Sony Ericsson LG Battery","file_16.jpg","os-store.com - iPhone BlackBerry HTC Samsung Motorola Nokia Sony Ericsson LG Battery","iPhone BlackBerry HTC Samsung Motorola Nokia Sony Ericsson LG Battery","iPhone BlackBerry HTC Samsung Motorola Nokia Sony Ericsson LG Battery","Yes","Products only","","No","Best Value,Name,Price","","No layout updates",""
"IP Camera","OS-STore.com Products/Security Products","2","Yes","ip-camera","Here, we offer different kinds of High Definition IP Camera,WDR Function, IR-Cut filter,H.264 &M-JPEG Image Compression,Night Vasion.","nEO_IMG_IP_Camera_m.jpg","os-store.com - High Definition WDR IP Camera(Onvif Compliant)","High Definition IP Camera,WDR Function, IR-Cut filter,H.264 &M-JPEG Image Compression,Night Vasion.","Os-store.com offers the best High Definition  IP Camera,WDR Function, IR-Cut filter,H.264 &M-JPEG Image Compression,Night Vasion. with Fast and Easy Shipping.","Yes","Products only","","No","Best Value,Name,Price","","No layout updates",""
"Baby Monitor","OS-STore.com Products/Security Products","1","Yes","baby-monitor","Here, we offer different kinds of 2.4G Wireless Baby Monitor,Digital Baby Monitor,Night Vasion,7\'\' 3.5"" 3.2\'\' 2.5\'\' 1.8\'\' 1.5\'\' LCD Display,Crying Detector","nEO_IMG_Baby_Monitor_m.jpg","os-store.com - 2.4G Wireless Baby Monitor","2.4G Wireless Baby Monitor,Digital Baby Monitor,Night Vasion,7\'\' 3.5"" 3.2\'\' 2.5\'\' 1.8\'\' 1.5\'\' LCD Display,Crying Detector","Os-store.com offers the best 2.4G Wireless Baby Monitor,Digital Baby Monitor,Night Vasion,7\'\' 3.5"" 3.2\'\' 2.5\'\' 1.8\'\' 1.5\'\' LCD Display,Crying Detector with Fast and Easy Shipping.","Yes","Products only","","No","Best Value,Name,Price","","No layout updates",""
"Operating Systems","OS-STore.com Products/Software","3","No","system","","","","","","Yes","Products only","","No","","","No layout updates",""
"Antivirus & Security","OS-STore.com Products/Software","16","Yes","antivirus-security","","","","","","Yes","Products only","","No","Best Value,Name,Price","","No layout updates",""
"Drivers & Utilities","OS-STore.com Products/Software","17","Yes","drivers-utilities","","","","","","Yes","Products only","","No","Best Value,Name,Price","","No layout updates",""
"Education, Language, Reference","OS-STore.com Products/Software","18","Yes","education-language-reference","","","","","","Yes","Products only","","No","Best Value,Name,Price","","No layout updates",""
"MultiMedia","OS-STore.com Products/Software","19","Yes","multimedia","","","","","","Yes","Products only","","No","Best Value,Name,Price","","No layout updates",""
"Office & Business","OS-STore.com Products/Software","20","Yes","office-business","","","","","","Yes","Products only","","No","Best Value,Name,Price","","No layout updates",""
"Clothing & Bags","OS-STore.com Products/Other","2","Yes","clothing-bags","","Universal_Ordinary_Digital_bag_2.jpg","Clothing & Bags","Clothing & Bags","Clothing & Bags","Yes","Products only","","Yes","","","No layout updates",""
"Servers, Development & DBMS","OS-STore.com Products/Software","21","Yes","servers-development-dbms","","","","","","Yes","Products only","","No","Best Value,Name,Price","","No layout updates",""
"Protect Case","OS-STore.com Products/Mobile Phone & PDA","116","Yes","protect-case","iPhone iPad iPod BlackBerry HTC Samsung Motorola Nokia Sony Ericsson LG Protect Cover Case","file_17.jpg","os-store.com - iPhone iPad iPod BlackBerry HTC Samsung Motorola Nokia Sony Ericsson LG Protect Cover Case","iPhone iPad iPod BlackBerry HTC Samsung Motorola Nokia Sony Ericsson LG Protect Cover Case","iPhone iPad iPod BlackBerry HTC Samsung Motorola Nokia Sony Ericsson LG Protect Cover Case","Yes","Products only","","Yes","Best Value,Name,Price","","No layout updates",""
"Telephoto camera","OS-STore.com Products/Camera & Parts","23","Yes","telephoto-camera","Telephoto Digital Camera cameras  DC such as Sony Nikon Samsung Panasonic canon Casio Kodak Olympus Ricoh Kodak Leica Pentax","file_23.jpg","Telephoto Digital Camera cameras  DC such as Sony Nikon Samsung Panasonic canon Casio Kodak Olympus Ricoh Kodak Leica Pentax","Telephoto Digital Camera cameras  DC such as Sony Nikon Samsung Panasonic canon Casio Kodak Olympus Ricoh Kodak Leica Pentax","Telephoto Digital Camera cameras  DC such as Sony Nikon Samsung Panasonic canon Casio Kodak Olympus Ricoh Kodak Leica Pentax","Yes","Products only","","No","Best Value,Name,Price","","No layout updates",""
"iPhone","OS-STore.com Products/Apple iPhone iPad iPod","3","Yes","mobile","Here, we offer different kinds of Apple IPhone parts, such as display screen, flex cable, housing, touch screen and so on. These Apple parts are high quality and low price, choose some phone parts for your Apple. ","3.jpg","Apple iPhone LCD Display Touch Digitizer Screen Housing Cover Battery Flex Cable Patrs","Apple IPhone LCD Display,Touch Digitizer Screen,Housing Cover,Battery,Flex Cable,Charger,Earphone","Os-store.com offers the best deals on Apple IPhone LCD Display,Touch Digitizer Screen,Housing Cover,Battery,Flex Cable,Charger,Earphone with Fast and Easy Shipping.","Yes","Products only","","No","Best Value,Name,Price","","No layout updates",""
"Bga Accessory","OS-STore.com Products/Computer","75","Yes","bga-accessory","Bga Tools including: Spheres, Solder balls, BGA, reballing kits, X-Box,wholesalers, the lowest price,more related products at OS-Store
","","BGA Fixtures and Accessories, Main Section,SRA Soldering Products	","Spheres, Solder balls, BGA, reballing kits, X-Box
","We carry everything needed to reflow XBox and PS3 Boards,bga reball kit promotion, Buy bga reball kit promotion products from wholesalers\' directory on os-store.com","Yes","Products only","","Yes","Best Value,Name,Price","","No layout updates",""
"TV card","OS-STore.com Products/Computer","43","Yes","tv-card","TV Tuner Devices, TV Tuner Cards, TV Tuner Card, TV Tuner Software all TV accessories you have found at OS-Store","","TV Tuner Devices, TV Tuner Cards, TV Tuner Card, TV Tuner Software at os-store.com","TV Tuner Devices, TV Tuner Cards, TV Tuner Card, TV Tuner Software","Save on TV Tuner Devices, TV Tuner Cards, TV Tuner Card, and TV Tuner Software at os-store.com; your source for the best computer deals anywhere, anytime.","Yes","Products only","","Yes","Best Value,Name,Price","","No layout updates",""
"LCD Pecnel & Monitor","OS-STore.com Products/Computer","45","Yes","lcd-pecnel-monitor","LCD pecnel&Monitor,  LCD Display Screen , LCD Touch,Full LCD,for Mobile Phone,Tablet PC","","LCD pecnel&Monitor,  LCD Display Screen , LCD Touch,Full LCD,for Mobile Phone,Tablet PC","LCD pecnel&Monitor,  LCD Display Screen , LCD Touch,Full LCD,for Mobile Phone,Tablet PC","os-store is a leading supplier of Apple iPhone 3G LCD Screen, LCD pecnel&Monitor","Yes","Products only","","Yes","","","No layout updates",""
"nVidia","OS-STore.com Products/IC Chipset","18","Yes","nvida","","","","","","Yes","Products only","","No","Best Value,Name,Price","","No layout updates",""
"Intel","OS-STore.com Products/IC Chipset","26","Yes","intel","","","","","","Yes","Products only","","No","Best Value,Name,Price","","No layout updates",""
"BlackBerry","OS-STore.com Products/Mobile Phone & PDA","92","Yes","blackberry","BlackBerry Mobile Phone LCD Display Touch Digitizer Screen Housing Case Battery Cover","blackberry-bold-9780-2-white_2.jpg","os-store.com - BlackBerry Mobile Phone,LCD Display,Touch Digitizer Screen,Housing Case,Battery Cover","BlackBerry Mobile Phone LCD Display Touch Digitizer Screen Housing Case Battery Cover","BlackBerry Mobile Phone LCD Display Touch Digitizer Screen Housing Case Battery Cover","Yes","Products only","","No","Best Value,Name,Price","","No layout updates",""
"ATI & AMD","OS-STore.com Products/IC Chipset","30","Yes","ati-amd","","","","","","Yes","Products only","","No","Best Value,Name,Price","","No layout updates",""
"Networking  Devices","OS-STore.com Products/Computer","41","Yes","networking-devices","Laptop Desktop Server Ethernet Lan Raid Networking Switch AP Router NIC Optics PCI PCI-express Card Adapter Wireless WIFI WLAN 2G 3G 4G Module Modem Computer","","Laptop Desktop Server Ethernet Lan Raid Networking Switch AP Router NIC Optics PCI PCI-express Card Adapter Wireless WIFI WLAN 2G 3G 4G Module Modem Computer","Laptop Desktop Server Ethernet Lan Raid Networking Switch AP Router NIC Optics PCI PCI-express Card Adapter Wireless WIFI WLAN 2G 3G 4G Module Modem Computer","Laptop Desktop Server Ethernet Lan Raid Networking Switch AP Router NIC Optics PCI PCI-express Card Adapter Wireless WIFI WLAN 2G 3G 4G Module Modem Computer","Yes","Products only","","Yes","Best Value,Name,Price","","No layout updates",""
"Memory Cards","OS-STore.com Products/Digital Products","0","Yes","memory-cards","We offers the best prices on Memory Card such as SD/SDHC Card, MMC Card, Mini SD Card, RSMMC Card, MS Pro Duo Card, XD Card and M2 Card.","","os-store.com - Memory Card SD/SDHC Card, MMC Card, Mini SD Card","Memory Card SD/SDHC Card, MMC Card, Mini SD Card, RSMMC Card, MS Pro Duo Card, XD Card and M2 Card.","Os-store.com offers the best deals on Memory Card such as SD/SDHC Card, MMC Card, Mini SD Card, RSMMC Card, MS Pro Duo Card, XD Card and M2 Card with Fast and Easy Shipping.
","Yes","Products only","","No","Best Value,Name,Price","","No layout updates",""
"Nokia","OS-STore.com Products/Mobile Phone & PDA","96","Yes","nokia","Nokia Mobile Phone LCD Display Touch Digitizer Screen Housing Case Battery Cover","file_13.jpg","os-store.com - Nokia Mobile Phone LCD Display Touch Digitizer Screen Housing Case Battery Cover","Nokia Mobile Phone LCD Display Touch Digitizer Screen Housing Case Battery Cover","Nokia Mobile Phone LCD Display Touch Digitizer Screen Housing Case Battery Cover","Yes","Products only","","No","Best Value,Name,Price","","No layout updates",""
"Memory Card","OS-STore.com Products/Computer","63","Yes","memory-card","We offers the best prices on Memory Card such as SD/SDHC Card, MMC Card, Mini SD Card, RSMMC Card, MS Pro Duo Card, XD Card and M2 Card.","","os-store.com - Memory Card SD/SDHC Card, MMC Card, Mini SD Card","Memory Card SD/SDHC Card, MMC Card, Mini SD Card, RSMMC Card, MS Pro Duo Card, XD Card and M2 Card.","Os-store.com offers the best deals on Memory Card such as SD/SDHC Card, MMC Card, Mini SD Card, RSMMC Card, MS Pro Duo Card, XD Card and M2 Card with Fast and Easy Shipping.","Yes","Products only","","Yes","Best Value,Name,Price","","No layout updates",""
"Memory Card","OS-STore.com Products/Mobile Phone & PDA","114","Yes","memory-card","Sandisk Kingston Transcend Kingmax Olympus Samsung Toshiba Sony A-Data Lexar PNY Nokia Memory Card SD/SDHC/SDXC Secure Digital Card Micro TF MS Stick Long Pro Duo CF Compact Flash M2 XD Picture SXS Express MMC Multi Media RS Smart","file_15.jpg","os-store.com - Memory Card SD/SDHC Card, MMC Card, Mini SD Card","Sandisk Kingston Transcend Kingmax Olympus Samsung Toshiba Sony A-Data Lexar PNY Nokia Memory Card SD/SDHC/SDXC Secure Digital Card Micro TF MS Stick Long Pro Duo CF Compact Flash M2 XD Picture SXS Express MMC Multi Media RS Smart","Sandisk Kingston Transcend Kingmax Olympus Samsung Toshiba Sony A-Data Lexar PNY Nokia Memory Card SD/SDHC/SDXC Secure Digital Card Micro TF MS Stick Long Pro Duo CF Compact Flash M2 XD Picture SXS Express MMC Multi Media RS Smart","Yes","Products only","","Yes","Best Value,Name,Price","","No layout updates",""
"Memory Card","OS-STore.com Products/Video Game","35","Yes","memory-card","Sandisk Kingston Transcend Kingmax Olympus Samsung Toshiba Sony A-Data Lexar PNY Nokia Memory Card SD/SDHC/SDXC Secure Digital Card Micro TF MS Stick Long Pro Duo CF Compact Flash M2 XD Picture SXS Express MMC Multi Media RS Smart","file_15_1.jpg","os-store.com - Sandisk Kingston Transcend Kingmax Olympus Samsung Toshiba Sony A-Data Lexar PNY Nokia Memory Card SD/SDHC/SDXC Secure Digital Card Micro TF MS Stick Long Pro Duo CF Compact Flash M2 XD Picture SXS Express MMC Multi Media RS Smart","Sandisk Kingston Transcend Kingmax Olympus Samsung Toshiba Sony A-Data Lexar PNY Nokia Memory Card SD/SDHC/SDXC Secure Digital Card Micro TF MS Stick Long Pro Duo CF Compact Flash M2 XD Picture SXS Express MMC Multi Media RS Smart","Sandisk Kingston Transcend Kingmax Olympus Samsung Toshiba Sony A-Data Lexar PNY Nokia Memory Card SD/SDHC/SDXC Secure Digital Card Micro TF MS Stick Long Pro Duo CF Compact Flash M2 XD Picture SXS Express MMC Multi Media RS Smart","Yes","Products only","","Yes","Best Value,Name,Price","","No layout updates",""
"Housing ","OS-STore.com Products/Mobile Phone & PDA","103","Yes","housing","The wear of mobile phone cover is necessary, we need phone housings help to repair the appearance and function of our phone. It also plays an important role in the composition of your phone. There are large number of cell phone housing and mobile phone housing for your selection on os-store.","","os-store.com - Cell Phone Housing,Cover,Keyboard","Cell Phone Housing,Cell Housing Cover,Cell Phone Keyboard","Os-store.com offers the best deals on Cell Phone Housing,Cover,Keyboard with Fast and Easy Shipping.","Yes","Products only","","Yes","Best Value,Name,Price","","No layout updates",""
"Solder Tools","OS-STore.com Products/Professional Tools","26","Yes","solder-tools","","","","","","Yes","Products only","","Yes","Best Value,Name,Price","","No layout updates",""
"Samsung","OS-STore.com Products/Mobile Phone & PDA","94","Yes","samsung","Samsung Mobile Phone LCD Display Touch Digitizer Screen Housing Case Battery Cover","file_11.jpg","os-store.com - Samsung Mobile Phone,LCD Display,Touch Digitizer Screen,Housing Case,Battery Cover","Samsung Mobile Phone LCD Display Touch Digitizer Screen Housing Case Battery Cover","Samsung Mobile Phone LCD Display Touch Digitizer Screen Housing Case Battery Cover","Yes","Products only","","No","Best Value,Name,Price","","No layout updates",""
"Other Parts","OS-STore.com Products/Mobile Phone & PDA","168","Yes","other-parts","Cell Phone Parts Charger Adapter Data Cable Car Charger Protector Film Earphone Bluetooth Keyboard","file_18.jpg","os-store.com - Cell Phone Parts Charger Adapter Data Cable Car Charger Protector Film Earphone Bluetooth Keyboard","Cell Phone Parts Charger Adapter Data Cable Car Charger Protector Film Earphone Bluetooth Keyboard","Cell Phone Parts Charger Adapter Data Cable Car Charger Protector Film Earphone Bluetooth Keyboard","Yes","Products only","","No","Best Value,Name,Price","","No layout updates",""
"Touch Screen","OS-STore.com Products/Mobile Phone & PDA","110","Yes","touch-screen","Cell phones touch screen for your selection on os-store ","","os-store.com - Cell Phone PDA Touch Digitizer Screen","Touch,Touch Digitizer,Touch Screen","Os-store.com offers the best deals on Cell Phone PDA Touch Digitizer Screen with Fast and Easy Shipping.","Yes","Products only","","No","Best Value,Name,Price","","No layout updates",""
"LCD Screen","OS-STore.com Products/Mobile Phone & PDA","105","Yes","lcd-screen","To ensure your mobile work normally, each part must be intact especially for the phone display screens . For it\'s the output terminal. There are various kinds of cell phone display screens for your selection on os-store.","","os-store.com - Cell Phone LCD Display Screen","LCD,LCD Display,LCD Screen","Os-store.com offers the best deals on  Cell Phone LCD Display Screen with Fast and Easy Shipping.","Yes","Products only","","No","Best Value,Name,Price","","No layout updates",""
"Keyboard & Mouse","OS-STore.com Products/Computer","44","Yes","keyboard-mouse","your source for Keyboard and Mouse Combo and more at the lowest prices.","","os-store.com: Keyboard & Mouse; Mouse Sets","Keyboard & Mouse Sets, Keyboard and Mouse Combo, Wireless Keyboard and Mouse Combo, 
computers, mice at OS-Store.","Online shopping for Keyboard & Mouse Sets from a great selection of Computer & Accessories & more at everyday low prices
","Yes","Products only","","Yes","Best Value,Name,Price","","No layout updates",""
"Video Card","OS-STore.com Products/Computer","40","Yes","video-card","ATI AMD nVidia Video Card PCI AGP PCI-Express VGA DVI HDMI SLI MXM Module SGRAM GDDR1 GDDR2 GDDR3 GDDR4 GDDR5","Video_Card_main_slogo.jpg","ATI AMD nVidia Video Card PCI AGP PCI-Express VGA DVI HDMI SLI MXM Module SGRAM GDDR1 GDDR2 GDDR3 GDDR4 GDDR5","ATI AMD nVidia Video Card PCI AGP PCI-Express VGA DVI HDMI SLI MXM Module SGRAM GDDR1 GDDR2 GDDR3 GDDR4 GDDR5","ATI AMD nVidia Video Card PCI AGP PCI-Express VGA DVI HDMI SLI MXM Module SGRAM GDDR1 GDDR2 GDDR3 GDDR4 GDDR5","Yes","Products only","","Yes","Best Value,Name,Price","","No layout updates",""
"CPU","OS-STore.com Products/Computer","36","Yes","cpu","OS-STore online store : Intel AMD VIA Cyrix IDT CPU Processor Desktop Mobile Server, providing quality products ..... variety of brands to choose , complete model of the best CPU is the largest supplier","AMD_intel_CPU_main_Slogo.jpg","Intel AMD VIA Cyrix IDT CPU Processor Desktop Mobile Server","Intel AMD VIA Cyrix IDT CPU Processor Desktop Mobile Server","Intel AMD VIA Cyrix IDT CPU Processor Desktop Mobile Server","Yes","Products only_AND_Static block only","","Yes","Best Value,Name,Price","","No layout updates",""
"Crafts","OS-STore.com Products/Other","1","Yes","crafts","","","","","","Yes","Products only","","No","","","No layout updates",""
"HouseHold & Office Item","OS-STore.com Products/Other","0","Yes","home-office","HouseHold & Office Item","","HouseHold & Office Item","HouseHold & Office Item","HouseHold & Office Item","Yes","Products only","","No","","","No layout updates",""
"Laptop / NoteBook","OS-STore.com Products/Computer","76","Yes","laptop-notebook","","","","","","Yes","Products only","","No","Best Value,Name,Price","","No layout updates",""
"Hard Disk Drive","OS-STore.com Products/Computer","39","Yes","hard-disk-drive","1"" 1.8"" 2.5"" 3.5"" 5.25"" SSD HDD Hard Disk Drive Serial-ATA SATA IDE PATA Laptop Desktop Server Micro External Internal Seagate, WD Western Digital, Hitachi, Fujitsu, Toshiba, Samsung, Maxtor, IBM, Quantum","WD_bulk_BOX_250GB_Slogo.jpg","1"" 1.8"" 2.5"" 3.5"" 5.25"" SSD HDD Hard Disk Drive Serial-ATA SATA IDE PATA Laptop Desktop Server Micro External Internal Seagate, WD Western Digital, Hitachi, Fujitsu, Toshiba, Samsung, Maxtor, IBM, Quantum","1"" 1.8"" 2.5"" 3.5"" 5.25"" SSD HDD Hard Disk Drive Serial-ATA SATA IDE PATA Laptop Desktop Server Micro External Internal Seagate, WD Western Digital, Hitachi, Fujitsu, Toshiba, Samsung, Maxtor, IBM, Quantum","1"" 1.8"" 2.5"" 3.5"" 5.25"" SSD HDD Hard Disk Drive Serial-ATA SATA IDE PATA Laptop Desktop Server Micro External Internal Seagate, WD Western Digital, Hitachi, Fujitsu, Toshiba, Samsung, Maxtor, IBM, Quantum","Yes","Products only","","Yes","Best Value,Name,Price","","No layout updates",""
"Mainboard","OS-STore.com Products/Computer","69","Yes","mainboard","","","","","","Yes","Products only","","No","","","No layout updates",""
"Desktop PC","OS-STore.com Products/Computer","80","Yes","pc-desktop","","","","","","Yes","Products only","","No","Best Value,Name,Price","","No layout updates",""
"Power Adapter","OS-STore.com Products/Computer","73","Yes","ac-power-charger-supply-adapter","Acer,Asus,Hp/Compaq,Samsung,Toshiba,Gateway, 30w 65w,90w AU EU US UK Power Charger Adapter","Power_adapter_60w_65w_slogo.jpg","Acer,Asus,Hp/Compaq,Samsung,Toshiba,Gateway, 30w 65w,90w AU EU US UK Power Charger Adapter","Acer,Asus,Hp/Compaq,Samsung,Toshiba,Gateway, 30w 65w,90w AU EU US UK Power Charger Adapter","Acer,Asus,Hp/Compaq,Samsung,Toshiba,Gateway, 30w 65w,90w AU EU US UK Power Charger Adapter","Yes","Products only","","No","Best Value,Name,Price","","No layout updates",""
"Printer","OS-STore.com Products/Computer","81","Yes","printer","","","","","","Yes","Products only","","No","Best Value,Name,Price","","No layout updates",""
"ODD / Drivers","OS-STore.com Products/Computer","42","Yes","odd-drivers","Hot offer Optical disc drive device ODD
3.5"" Deskyop , Slim Laptop
Internal Caddy , USB 1394 External BOX , 
Module for Dell , HP , IBM Lenovo
CD DVD RW Combo DVDRW BD Blu-Ray 
SATA IDE PATA ATAPI Tray loading Slot-in","ODD_Main.jpg","Internal External Module ODD Device Caddy BOX Products ","Hot offer Optical disc drive device ODD
3.5"" Deskyop , Slim Laptop
Internal Caddy , USB 1394 External BOX , 
Module for Dell , HP , IBM Lenovo
CD DVD RW Combo DVDRW BD Blu-Ray 
SATA IDE PATA ATAPI Tray loading Slot-in","Hot offer Optical disc drive device ODD
3.5"" Deskyop , Slim Laptop
Internal Caddy , USB 1394 External BOX , 
Module for Dell , HP , IBM Lenovo
CD DVD RW Combo DVDRW BD Blu-Ray 
SATA IDE PATA ATAPI Tray loading Slot-in","Yes","Products only","","No","Best Value,Name,Price","","No layout updates",""
"DRAM Memory","OS-STore.com Products/Computer","38","Yes","dram-memory","Computer SDRAM DDR1 DDR2 DDR3 SoDimm So-Dimm Laptop Lodimm Lo-Dimm Desktop Server Dram Memory Module Hynix, Samsung, Nanya, Micron,Qimonda, Infineon, elixir, elpida, SpecTek, Kinston, TrandScend, KingMax, A-DATA, Apacer","DRAM_main_slogo.jpg","Computer SDRAM DDR1 DDR2 DDR3 SoDimm So-Dimm Laptop Lodimm Lo-Dimm Desktop Server Dram Memory Module Hynix, Samsung, Nanya, Micron,Qimonda, Infineon, elixir, elpida, SpecTek, Kinston, TrandScend, KingMax, A-DATA, Apacer","Computer SDRAM DDR1 DDR2 DDR3 SoDimm So-Dimm Laptop Lodimm Lo-Dimm Desktop Server Dram Memory Module Hynix, Samsung, Nanya, Micron,Qimonda, Infineon, elixir, elpida, SpecTek, Kinston, TrandScend, KingMax, A-DATA, Apacer","Computer SDRAM DDR1 DDR2 DDR3 SoDimm So-Dimm Laptop Lodimm Lo-Dimm Desktop Server Dram Memory Module Hynix, Samsung, Nanya, Micron,Qimonda, Infineon, elixir, elpida, SpecTek, Kinston, TrandScend, KingMax, A-DATA, Apacer","Yes","Products only","","Yes","Best Value,Name,Price","","No layout updates",""
"HTC ","OS-STore.com Products/Mobile Phone & PDA","93","Yes","htc","HTC Mobile Phone LCD Display Touch Digitizer Screen Housing Case Battery Cover Charger Earphone","file_10.jpg","os-store.com - HTC Mobile Phone LCD Display Touch Digitizer Screen Housing Case Battery Cover Charger Earphone","HTC Mobile Phone LCD Display Touch Digitizer Screen Housing Case Battery Cover Charger Earphone","HTC Mobile Phone LCD Display Touch Digitizer Screen Housing Case Battery Cover Charger Earphone","Yes","Products only","","No","Best Value,Name,Price","","No layout updates",""
"Apple","OS-STore.com Products/Mobile Phone & PDA","91","Yes","apple","Apple IPhone IPod IPad LCD Display Touch Digitizer Screen Housing Cover Battery Case Flex Cable Charger Earphone","apple-iphone-5-white_3.jpg","os-store.com - Apple IPhone IPod IPad LCD Display Touch Digitizer Screen Housing Cover Battery Case Flex Cable Charger Earphone","Apple IPhone IPod IPad LCD Display Touch Digitizer Screen Housing Cover Battery Case Flex Cable Charger Earphone","Apple IPhone IPod IPad LCD Display Touch Digitizer Screen Housing Cover Battery Case Flex Cable Charger Earphone","Yes","Products only","","No","Best Value,Name,Price","","No layout updates",""
"PSP","OS-STore.com Products/Video Game","25","Yes","psp","PSP 1000 2000 3000 GO LCD Display Screen Housing Case Back Cove Battery Memory Card Protect Charger Repair Parts","1_13.jpg","os-store.com - PSP 1000 2000 3000 GO LCD Display Screen Housing Case Back Cove Battery Memory Card Protect Charger Repair Parts","PSP 1000 2000 3000 GO LCD Display Screen Housing Case Back Cove Battery Memory Card Protect Charger Repair Parts","PSP 1000 2000 3000 GO LCD Display Screen Housing Case Back Cove Battery Memory Card Protect Charger Repair Parts","Yes","Products only","","No","Best Value,Name,Price","","No layout updates",""
"Reballing Template","OS-STore.com Products/Professional Tools","25","Yes","reballing-template","","","","","","Yes","Products only","","No","Best Value,Name,Price","","No layout updates",""
"Charger","OS-STore.com Products/Camera & Parts","30","Yes","charger","Digital Camera SLR DC Lithium Battery Charger recharger Sony Nikon Samsung Panasonic canon Casio Kodak Olympus Ricoh Leica Pentax  Fujifilm","file_19.jpg","Digital Camera SLR DC Lithium Battery Charger recharger Sony Nikon Samsung Panasonic canon Casio Kodak Olympus Ricoh Leica Pentax  Fujifilm","Digital Camera SLR DC Lithium Battery Charger recharger Sony Nikon Samsung Panasonic canon Casio Kodak Olympus Ricoh Leica Pentax  Fujifilm","Digital Camera SLR DC Lithium Battery Charger recharger Sony Nikon Samsung Panasonic canon Casio Kodak Olympus Ricoh Leica Pentax  Fujifilm","Yes","Products only","","No","Best Value,Name,Price","","No layout updates",""
"Nintendo Ds","OS-STore.com Products/Video Game","21","Yes","nintendo-ds","Nintendo DS NDS LCD Display Screen Housing Case Back Cove Battery Memory Card Protect Charger Repair Parts","file_20.jpg","os-store.com - Nintendo DS NDS LCD Display Screen Housing Case Back Cove Battery Memory Card Protect Charger Repair Parts","Nintendo DS NDS LCD Display Screen Housing Case Back Cove Battery Memory Card Protect Charger Repair Parts","Nintendo DS NDS LCD Display Screen Housing Case Back Cove Battery Memory Card Protect Charger Repair Parts","Yes","Products only","","No","Best Value,Name,Price","","No layout updates",""
"PS2","OS-STore.com Products/Video Game","27","Yes","ps2","Sony PlayStation 2 PS2 Controller Adapters Memory Card AV Video Cable","21.jpg","os-store.com - Sony PlayStation 2 PS2 Controller Adapters Memory Card AV Video Cable","Sony PlayStation 2 PS2 Controller Adapters Memory Card AV Video Cable","Sony PlayStation 2 PS2 Controller Adapters Memory Card AV Video Cable","Yes","Products only","","No","Best Value,Name,Price","","No layout updates",""
"PS3","OS-STore.com Products/Video Game","29","Yes","ps3","Sony PlayStation 3 PS3 Controller Adapters AV Video Cable","cewXe3QdbroE.jpg","os-store.com - Sony PlayStation 3 PS3 Controller Adapters AV Video Cable","Sony PlayStation 3 PS3 Controller Adapters AV Video Cable","Sony PlayStation 3 PS3 Controller Adapters AV Video Cable","Yes","Products only","","No","Best Value,Name,Price","","No layout updates",""
"Nintendo Wii","OS-STore.com Products/Video Game","30","Yes","wii","Nintendo Wii Controller Cable Battery Adapter Charger Memory Card","file_21.jpg","os-store.com - Nintendo Wii Controller Cable Battery Adapter Charger Memory Card","Nintendo Wii Controller Cable Battery Adapter Charger Memory Card","Nintendo Wii Controller Cable Battery Adapter Charger Memory Card","Yes","Products only","","No","Best Value,Name,Price","","No layout updates",""
"Xbox 360","OS-STore.com Products/Video Game","31","Yes","xbox-360","Microsoft Xbox 360 Controller Cable Battery Adapter Charger","2011070245130457.jpg","os-store.com - Microsoft Xbox 360 Controller Cable Battery Adapter Charger","Microsoft Xbox 360 Controller Cable Battery Adapter Charger","Microsoft Xbox 360 Controller Cable Battery Adapter Charger","Yes","Products only","","No","Best Value,Name,Price","","No layout updates",""
"Projector","OS-STore.com Products/Projector","18","Yes","projector","","","","","","Yes","Products only","","No","Best Value,Name,Price","","No layout updates",""
"Remote Control","OS-STore.com Products/Projector","20","Yes","remote-control","","","","","","Yes","Products only","","No","Best Value,Name,Price","","No layout updates",""
"Cables","OS-STore.com Products/Projector","22","Yes","cables","","","","","","Yes","Products only","","No","Best Value,Name,Price","","No layout updates",""
"Screens","OS-STore.com Products/Projector","26","Yes","screens","","","","","","Yes","Products only","","No","Best Value,Name,Price","","No layout updates",""
"7 inch","OS-STore.com Products/MID Tablet PC","18","Yes","7-inch","MID Tablet PC Apple iPad Acer Asus Amazon Dell HTC Huawei HYUNDAI Lenovo Motorola Samsung ViewSonic Google Android Windows Capacitive Touch Screen 7"" 7.9"" inch WIFI 3G Camera GPS HDMI","Lenovo_IdeaTab_A2107_A2207.jpg","os-store.com - MID Tablet PC 7"" 7.9"" inch Android Windows Touch Screen ","MID Tablet PC Apple iPad Acer Asus Amazon Dell HTC Huawei HYUNDAI Lenovo Motorola Samsung ViewSonic Google Android Windows Capacitive Touch Screen 7"" 7.9"" inch WIFI 3G Camera GPS HDMI","MID Tablet PC Apple iPad Acer Asus Amazon Dell HTC Huawei HYUNDAI Lenovo Motorola Samsung ViewSonic Google Android Windows Capacitive Touch Screen 7"" 7.9"" inch WIFI 3G Camera GPS HDMI","Yes","Products only","","No","Best Value,Name,Price","","No layout updates",""
"8 inch","OS-STore.com Products/MID Tablet PC","19","Yes","8-inch","MID Tablet PC Apple iPad Acer Asus Amazon Dell HTC Huawei HYUNDAI Lenovo Motorola Samsung ViewSonic Google Android Windows Capacitive Touch Screen 8"" 8.9"" inch WIFI 3G Camera GPS HDMI","Amazon_Kindle_Fire_HD_8.9.jpg","os-store.com - MID Tablet PC 8"" 8.9"" inch Android Windows Touch Screen ","MID Tablet PC Apple iPad Acer Asus Amazon Dell HTC Huawei HYUNDAI Lenovo Motorola Samsung ViewSonic Google Android Windows Capacitive Touch Screen 8"" 8.9"" inch WIFI 3G Camera GPS HDMI","MID Tablet PC Apple iPad Acer Asus Amazon Dell HTC Huawei HYUNDAI Lenovo Motorola Samsung ViewSonic Google Android Windows Capacitive Touch Screen 8"" 8.9"" inch WIFI 3G Camera GPS HDMI","Yes","Products only","","No","Best Value,Name,Price","","No layout updates",""
"9 inch","OS-STore.com Products/MID Tablet PC","20","Yes","9-7-inch","MID Tablet PC Apple iPad Acer Asus Amazon Dell HTC Huawei HYUNDAI Lenovo Motorola Samsung ViewSonic Google Android Windows Capacitive Touch Screen 9"" 9.7"" inch WIFI 3G Camera GPS HDMI","Apple_iPad_2_2_.jpg","os-store.com - MID Tablet PC 9"" 9.7"" inch Android Windows Touch Screen ","MID Tablet PC Apple iPad Acer Asus Amazon Dell HTC Huawei HYUNDAI Lenovo Motorola Samsung ViewSonic Google Android Windows Capacitive Touch Screen 9"" 9.7"" inch WIFI 3G Camera GPS HDMI","MID Tablet PC Apple iPad Acer Asus Amazon Dell HTC Huawei HYUNDAI Lenovo Motorola Samsung ViewSonic Google Android Windows Capacitive Touch Screen 9"" 9.7"" inch WIFI 3G Camera GPS HDMI","Yes","Products only","","No","Best Value,Name,Price","","No layout updates",""
"10 inch","OS-STore.com Products/MID Tablet PC","21","Yes","10-inch","MID Tablet PC Apple iPad Acer Asus Amazon Dell HTC Huawei HYUNDAI Lenovo Motorola Samsung ViewSonic Google Android Windows Capacitive Touch Screen 10"" 10.1"" inch WIFI 3G Camera GPS HDMI","Samsung_Galaxy_Tab_2_10.1_P5100_P5110.jpg","os-store.com - MID Tablet PC 10"" 10.1"" inch Android Windows Touch Screen ","MID Tablet PC Apple iPad Acer Asus Amazon Dell HTC Huawei HYUNDAI Lenovo Motorola Samsung ViewSonic Google Android Windows Capacitive Touch Screen 10"" 10.1"" inch WIFI 3G Camera GPS HDMI","MID Tablet PC Apple iPad Acer Asus Amazon Dell HTC Huawei HYUNDAI Lenovo Motorola Samsung ViewSonic Google Android Windows Capacitive Touch Screen 10"" 10.1""  inch WIFI 3G Camera GPS HDMI","Yes","Products only","","No","Best Value,Name,Price","","No layout updates",""
"Motorola","OS-STore.com Products/Mobile Phone & PDA","95","Yes","motorola","Motorola Mobile Phone LCD Display Touch Digitizer Screen Housing Case Battery Cover","file_12.jpg","os-store.com - Motorola Mobile Phone LCD Display Touch Digitizer Screen Housing Case Battery Cover","Motorola Mobile Phone LCD Display Touch Digitizer Screen Housing Case Battery Cover","Os-store.com offers the best deals on Motorola Mobile Phone,LCD Display,Touch Digitizer Screen,Housing Case,Battery Cover with Fast and Easy Shipping.","Yes","Products only","","No","Best Value,Name,Price","","No layout updates",""
"Camera Case","OS-STore.com Products/Camera & Parts","32","Yes","camera-case","Digital Camera cameras DC bags LCS-CSVC Case SLR canon Nikon Sony Panasonic Samsung Casio Olympus Ricoh Kodak Pentax","Universal_Ordinary_Digital_bag_6_2.jpg","Digital Camera cameras DC bags LCS-CSVC Case SLR canon Nikon Sony Panasonic Samsung Casio Olympus Ricoh Kodak Pentax","Digital Camera cameras DC bags LCS-CSVC Case SLR canon Nikon Sony Panasonic Samsung Casio Olympus Ricoh Kodak Pentax","Digital Camera cameras DC bags LCS-CSVC Case SLR canon Nikon Sony Panasonic Samsung Casio Olympus Ricoh Kodak Pentax","Yes","Products only","","No","","","No layout updates",""
"Battery","OS-STore.com Products/Camera & Parts","31","Yes","battery","Regular Backup power Battery Batteries DC DSC Lithium SLR Sony Nikon Samsung Panasonic canon Casio Kodak Olympus Ricoh Leica Pentax ","4a2101efdb53f718c741deb038448488_1.jpg","Regular Backup power Battery Batteries DC DSC Lithium SLR Sony Nikon Samsung Panasonic canon Casio Kodak Olympus Ricoh Leica Pentax ","Regular Backup power Battery Batteries DC DSC Lithium SLR Sony Nikon Samsung Panasonic canon Casio Kodak Olympus Ricoh Leica Pentax ","Regular Backup power Battery Batteries DC DSC Lithium SLR Sony Nikon Samsung Panasonic canon Casio Kodak Olympus Ricoh Leica Pentax ","Yes","Products only","","No","Best Value,Name,Price","","No layout updates",""
"Lighting ","OS-STore.com Products/Camera & Parts","29","Yes","lighting","Lighting Speedlite Flash Regular Camera cameras SLR DC Sony Nikon Samsung Panasonic canon Casio Kodak Olympus Ricoh Kodak Leica Pentax ","file_9.jpg","Lighting Speedlite Flash Regular Camera cameras SLR DC Sony Nikon Samsung Panasonic canon Casio Kodak Olympus Ricoh Kodak Leica Pentax ","Lighting Speedlite Flash Regular Camera cameras SLR DC Sony Nikon Samsung Panasonic canon Casio Kodak Olympus Ricoh Kodak Leica Pentax ","Lighting Speedlite Flash Regular Camera cameras SLR DC Sony Nikon Samsung Panasonic canon Casio Kodak Olympus Ricoh Kodak Leica Pentax ","Yes","Products only","","No","Best Value,Name,Price","","No layout updates",""
"Surveillance","OS-STore.com Products/Digital Products","30","Yes","surveillance","","","","","","Yes","Products only","","No","Best Value,Name,Price","","No layout updates",""
"Audio & Video","OS-STore.com Products/Digital Products","26","Yes","audio-video","","","","","","Yes","Products only","","No","Best Value,Name,Price","","No layout updates",""
"GPS Navigation","OS-STore.com Products/Digital Products","22","Yes","gps-navigation","","","","","","Yes","Products only","","No","Best Value,Name,Price","","No layout updates",""
"Batteries & Chargers","OS-STore.com Products/Digital Products","18","Yes","batteries-chargers","","","","","","Yes","Products only","","No","Best Value,Name,Price","","No layout updates",""
"Power Tools","OS-STore.com Products/Professional Tools","30","Yes","power-tools","","","","","","Yes","Products only","","No","Best Value,Name,Price","","No layout updates",""
"Tester Tools","OS-STore.com Products/Professional Tools","18","Yes","tester-tools","","","","","","Yes","Products only","","No","Best Value,Name,Price","","No layout updates",""
"Hand Tools","OS-STore.com Products/Professional Tools","22","Yes","hand-tools","","","","","","Yes","Products only","","No","Best Value,Name,Price","","No layout updates",""
"Wireless Wifi Card","OS-STore.com Products/3G & Wireless Card","22","Yes","wireless-wifi-card","BroadCom Atheros AzureWave RealTek Ralink Intel mini pci-e wireless wifi wlan card module","","BroadCom Atheros AzureWave RealTek Ralink Intel mini pci-e wireless wifi wlan card module","BroadCom Atheros AzureWave RealTek Ralink Intel mini pci-e wireless wifi wlan card module","BroadCom Atheros AzureWave RealTek Ralink Intel mini pci-e wireless wifi wlan card module","Yes","Products only","","No","Best Value,Name,Price","","No layout updates",""
"Telephones & Pagers","OS-STore.com Products/Digital Products","28","Yes","telephones-pagers","","","","","","Yes","Products only","","No","Best Value,Name,Price","","No layout updates",""
"3G Card","OS-STore.com Products/3G & Wireless Card","18","Yes","3g-card","Ericsson,Qualcomm ,Hon Hai,HuaWei,Novatel,Option,Sierra,ZTE,BandLuxe,LeadCore GSM,EDGE,GPRS,HSPA,EVDO,CDMA,GPS wifi Wireless 3G card module","","Ericsson,Qualcomm ,Hon Hai,HuaWei,Novatel,Option,Sierra,ZTE,BandLuxe,LeadCore Wireless 3G card GSM,EDGE,GPRS,HSPA,EVDO,CDMA,GPS","Ericsson,Qualcomm ,Hon Hai,HuaWei,Novatel,Option,Sierra,ZTE,BandLuxe,LeadCore GSM,EDGE,GPRS,HSPA,EVDO,CDMA,GPS wifi Wireless 3G card module","Ericsson,Qualcomm ,Hon Hai,HuaWei,Novatel,Option,Sierra,ZTE,BandLuxe,LeadCore GSM,EDGE,GPRS,HSPA,EVDO,CDMA,GPS wifi Wireless 3G card module","Yes","Products only","","No","","","No layout updates",""
"Tripods & Supports","OS-STore.com Products/Camera & Parts","27","Yes","tripods-supports","Carbon Digital Camera cameras DC SLR Fiber Tripod Monopod Support equipment Sony Nikon Samsung Panasonic canon Casio Kodak Olympus Ricoh Kodak Leica Pentax ","ChongZuanTeJiaVICTORY_WeiTeLi3010_B_ZhuanYeJinShuJia_SanJiaoJia_22846653.jpg","Carbon Digital Camera cameras DC SLR Fiber Tripod Monopod Support equipment Sony Nikon Samsung Panasonic canon Casio Kodak Olympus Ricoh Kodak Leica Pentax ","Carbon Digital Camera cameras DC SLR Fiber Tripod Monopod Support equipment Sony Nikon Samsung Panasonic canon Casio Kodak Olympus Ricoh Kodak Leica Pentax ","Carbon Digital Camera cameras DC SLR Fiber Tripod Monopod Support equipment Sony Nikon Samsung Panasonic canon Casio Kodak Olympus Ricoh Kodak Leica Pentax ","Yes","Products only","","No","Best Value,Name,Price","","No layout updates",""
"Gadgets","OS-STore.com Products/Digital Products","43","Yes","gadgets","","","","","","Yes","Products only","","No","Best Value,Name,Price","","No layout updates",""
"Solar Products","OS-STore.com Products/Digital Products","40","Yes","solar-products","","","","","","Yes","Products only","","No","Best Value,Name,Price","","No layout updates",""
"Lenses & Filters","OS-STore.com Products/Camera & Parts","25","Yes","lenses-filters","Providing UV MCUV CPL C-PL ND2 ND4 ND8 Lenses filters red Digital Camera cameras DC SLR blue green yellow orange gray color and close up filter lens protector Sony Nikon Samsung Panasonic canon Casio Kodak Olympus Ricoh Leica Pentax Fujifilm","camera_filter_UV_6_1.jpg","Providing UV MCUV CPL C-PL ND2 ND4 ND8 Lenses filters red Digital Camera cameras DC SLR blue green yellow orange gray color and close up filter lens protector Sony Nikon Samsung Panasonic canon Casio Kodak Olympus Ricoh Leica Pentax Fujifilm","Providing UV MCUV CPL C-PL ND2 ND4 ND8 Lenses filters red Digital Camera cameras DC SLR blue green yellow orange gray color and close up filter lens protector Sony Nikon Samsung Panasonic canon Casio Kodak Olympus Ricoh Leica Pentax Fujifilm","Providing UV MCUV CPL C-PL ND2 ND4 ND8 Lenses filters red Digital Camera cameras DC SLR blue green yellow orange gray color and close up filter lens protector Sony Nikon Samsung Panasonic canon Casio Kodak Olympus Ricoh Leica Pentax Fujifilm","Yes","Products only","","No","Best Value,Name,Price","","No layout updates",""
"MP3/MP4/MP5 & Parts","OS-STore.com Products/Digital Products","36","Yes","mp3-mp4-mp5-parts","","","","","","Yes","Products only","","No","Best Value,Name,Price","","No layout updates",""
"Car Alarm System","OS-STore.com Products/Security Products/Alarm System","1","Yes","car-alarm-system","","","","","","Yes","Products only","","No","Best Value,Name,Price","","No layout updates",""
"China Tea","OS-STore.com Products/FoodStuff/Tea Products","2","Yes","china-tea","","","","","","Yes","Products only","","No","Best Value,Name,Price","","No layout updates",""
"Walkie Talkie","OS-STore.com Products/Security Products/Smart Home","4","Yes","walkie-talkie","","","","","","Yes","Products only","","No","Best Value,Name,Price","","No layout updates",""
"Snake Cameras","OS-STore.com Products/Security Products/Smart Home","3","Yes","snake-cameras","","","","","","Yes","Products only","","No","Best Value,Name,Price","","No layout updates",""
"Jammer","OS-STore.com Products/Security Products/Smart Home","2","Yes","jammer","","","","","","Yes","Products only","","No","Best Value,Name,Price","","No layout updates",""
"Booster","OS-STore.com Products/Security Products/Smart Home","1","Yes","booster","","","","","","Yes","Products only","","No","Best Value,Name,Price","","No layout updates",""
"DDR2","OS-STore.com Products/Computer/DRAM Memory","65","Yes","ddr-2","DDR2 200pin So-Dimm Sodimm Laptop 240pin Lo-dimm Lodimm 172pin 214pin Micro-Dimm PC2 400 533 667 800 3200 4200 5300 6400 Desktop Server Dram Memory Module","DRAM_main_slogo_3.jpg","DDR2 200pin So-Dimm Sodimm Laptop 240pin Lo-dimm Lodimm 172pin 214pin Micro-Dimm PC2 400 533 667 800 3200 4200 5300 6400 Desktop Server Dram Memory Module","DDR2 200pin So-Dimm Sodimm Laptop 240pin Lo-dimm Lodimm 172pin 214pin Micro-Dimm PC2 400 533 667 800 3200 4200 5300 6400 Desktop Server Dram Memory Module","DDR2 200pin So-Dimm Sodimm Laptop 240pin Lo-dimm Lodimm 172pin 214pin Micro-Dimm PC2 400 533 667 800 3200 4200 5300 6400 Desktop Server Dram Memory Module","Yes","Products only","","No","Best Value,Name,Price","","No layout updates",""
"DDR3","OS-STore.com Products/Computer/DRAM Memory","68","Yes","ddr-3","DDR3 204pin So-Dimm Sodimm Laptop 240pin Lo-dimm Lodimm PC2 1066 1333 1600 1800 2000 8500 10600 12800 14400 16000 Desktop Server Dram Memory Module","DRAM_main_slogo_4.jpg","DDR3 204pin So-Dimm Sodimm Laptop 240pin Lo-dimm Lodimm PC3 1066 1333 1600 1800 2000 8500 10600 12800 14400 16000 Desktop Server Dram Memory Module for Hynix, Samsung, Nanya, Micron,Qimonda, Infineon, elixir, elpida, SpecTek, Kinston, TrandScend, KingMax,","DDR3 204pin So-Dimm Sodimm Laptop 240pin Lo-dimm Lodimm PC3 1066 1333 1600 1800 2000 8500 10600 12800 14400 16000 Desktop Server Dram Memory Module for Hynix, Samsung, Nanya, Micron,Qimonda, Infineon, elixir, elpida, SpecTek, Kinston, TrandScend, KingMax, A-DATA, Apacer, PNY","DDR3 204pin So-Dimm Sodimm Laptop 240pin Lo-dimm Lodimm PC3 1066 1333 1600 1800 2000 8500 10600 12800 14400 16000 Desktop Server Dram Memory Module for Hynix, Samsung, Nanya, Micron,Qimonda, Infineon, elixir, elpida, SpecTek, Kinston, TrandScend, KingMax, A-DATA, Apacer, PNY","Yes","Products only","","No","Best Value,Name,Price","","No layout updates",""
"Home Alarm System","OS-STore.com Products/Security Products/Alarm System","2","Yes","home-alarm-system","","","","","","Yes","Products only","","No","Best Value,Name,Price","","No layout updates",""
"Personal Protection","OS-STore.com Products/Security Products/Alarm System","3","Yes","personal-protection","","","","","","Yes","Products only","","No","Best Value,Name,Price","","No layout updates",""
"Oolong Tea","OS-STore.com Products/FoodStuff/Tea Products","3","Yes","oolong-tea","","","","","","Yes","Products only","","No","Best Value,Name,Price","","No layout updates",""
"Pu-Erh Tea","OS-STore.com Products/FoodStuff/Tea Products","4","Yes","pu-erh-tea","","","","","","Yes","Products only","","No","Best Value,Name,Price","","No layout updates",""
"Box Camera","OS-STore.com Products/Security Products/CCTV Camera","3","Yes","box-camera","","","","","","Yes","Products only","","No","Best Value,Name,Price","","No layout updates",""
"SD RAM ","OS-STore.com Products/Computer/DRAM Memory","56","Yes","sd-ram","SDRAM 144pin So-Dimm Sodimm Laptop 168pin Lo-dimm Lodimm PC 66 100 133 Desktop Server Dram Memory Module","DRAM_main_slogo_1.jpg","Memory, DDR Memory, SDRAM Memory, Computer Memory, Computer RAM, DDR RAM, Memory Stick, Memory Upgrades","SDRAM 144pin So-Dimm Sodimm Laptop 168pin Lo-dimm Lodimm PC 66 100 133 Desktop Server Dram Memory Module","SDRAM 144pin So-Dimm Sodimm Laptop 168pin Lo-dimm Lodimm PC 66 100 133 Desktop Server Dram Memory Module","Yes","Products only","","No","Best Value,Name,Price","","No layout updates",""
"DDR1","OS-STore.com Products/Computer/DRAM Memory","59","Yes","ddr","DDR1 200pin So-Dimm Sodimm Laptop 184pin Lo-dimm Lodimm 172pin Micro-Dimm PC 200 266 333 400 2100 2700 3200 Desktop Server Dram Memory Module","DRAM_main_slogo_2.jpg","DDR1 200pin So-Dimm Sodimm Laptop 184pin Lo-dimm Lodimm 172pin Micro-Dimm PC 200 266 333 400 2100 2700 3200 Desktop Server Dram Memory Module","DDR1 200pin So-Dimm Sodimm Laptop 184pin Lo-dimm Lodimm 172pin Micro-Dimm PC 200 266 333 400 2100 2700 3200 Desktop Server Dram Memory Module","DDR1 200pin So-Dimm Sodimm Laptop 184pin Lo-dimm Lodimm 172pin Micro-Dimm PC 200 266 333 400 2100 2700 3200 Desktop Server Dram Memory Module","Yes","Products only","","No","Best Value,Name,Price","","No layout updates",""
"Tea Bag","OS-STore.com Products/FoodStuff/Tea Products","11","Yes","tea-bag","","","","","","Yes","Products only","","No","Best Value,Name,Price","","No layout updates",""
"Flower Tea","OS-STore.com Products/FoodStuff/Tea Products","10","Yes","flower-tea","","","","","","Yes","Products only","","No","Best Value,Name,Price","","No layout updates",""
"Yellow Tea","OS-STore.com Products/FoodStuff/Tea Products","9","Yes","yellow-tea","","","","","","Yes","Products only","","No","Best Value,Name,Price","","No layout updates",""
"White Tea","OS-STore.com Products/FoodStuff/Tea Products","8","Yes","white-tea","","","","","","Yes","Products only","","No","Best Value,Name,Price","","No layout updates",""
"Dark Tea","OS-STore.com Products/FoodStuff/Tea Products","7","Yes","dark-tea","","","","","","Yes","Products only","","No","Best Value,Name,Price","","No layout updates",""
"Black Tea","OS-STore.com Products/FoodStuff/Tea Products","6","Yes","black-tea","","","","","","Yes","Products only","","No","Best Value,Name,Price","","No layout updates",""
"Green Tea","OS-STore.com Products/FoodStuff/Tea Products","5","Yes","green-tea","","","","","","Yes","Products only","","No","Best Value,Name,Price","","No layout updates",""
"Fingerprint Systems","OS-STore.com Products/Security Products/Access Control System","3","Yes","fingerprint-systems","","","","","","Yes","Products only","","No","Best Value,Name,Price","","No layout updates",""
"Doorbell System","OS-STore.com Products/Security Products/Access Control System","2","Yes","doorbell-system","","","","","","Yes","Products only","","No","Best Value,Name,Price","","No layout updates",""
"External Products ","OS-STore.com Products/Computer/ODD / Drivers","59","Yes","external-products","External USB2.0 CD DVD-ROM CD&RW products, buy external CD DVD ROM drives for laptop . Doa 30days warranty wholesale price,good quality products in os-store.com","","External Products,os-store","External Products,buy external CD DVD ROM drives for laptop","External USB2.0 CD DVD-ROM CD&RW products, buy external CD DVD ROM drives for laptop . Doa 30days warranty wholesale price,good quality products in os-store.com","Yes","Products only","","No","Best Value,Name,Price","","No layout updates",""
"Modual of Device ","OS-STore.com Products/Computer/ODD / Drivers","57","Yes","modual-of-device","","","","","","Yes","Products only","","No","Best Value,Name,Price","","No layout updates",""
"Other Parts ","OS-STore.com Products/Computer/ODD / Drivers","68","Yes","other-parts","","","","","","Yes","Products only","","No","Best Value,Name,Price","","No layout updates",""
"Taiwan Tea","OS-STore.com Products/FoodStuff/Tea Products","1","Yes","taiwan-tea","","","","","","Yes","Products only","","No","Best Value,Name,Price","","No layout updates",""
"Acer","OS-STore.com Products/Computer/Power Adapter","18","Yes","acer","","","","","","Yes","Products only","","No","Best Value,Name,Price","","No layout updates",""
"Asus","OS-STore.com Products/Computer/Power Adapter","26","Yes","asus","","","","","","Yes","Products only","","No","Best Value,Name,Price","","No layout updates",""
"Toshiba","OS-STore.com Products/Computer/Power Adapter","30","Yes","toshiba","","","","","","Yes","Products only","","No","Best Value,Name,Price","","No layout updates",""
"Gateway","OS-STore.com Products/Computer/Power Adapter","36","Yes","gateway","","","","","","Yes","Products only","","No","Best Value,Name,Price","","No layout updates",""
"HP/Compaq","OS-STore.com Products/Computer/Power Adapter","44","Yes","hp-compaq","","","","","","Yes","Products only","","No","Best Value,Name,Price","","No layout updates",""
"Internal Products","OS-STore.com Products/Computer/ODD / Drivers","67","Yes","internal-products","","","","","","Yes","Products only","","No","Best Value,Name,Price","","No layout updates",""
"Server","OS-STore.com Products/Computer/DRAM Memory","69","Yes","server","Server SDRAM DDR1 DDR2 DDR3 ECC REG Registered FBDimm FB-Dimm Dram Memory Module for IBM Dell HP Compaq Sun Linux Windows","DRAM_main_slogo_5.jpg","Server SDRAM DDR1 DDR2 DDR3 ECC REG Registered FBDimm FB-Dimm Dram Memory Module for IBM Dell HP Compaq Sun Linux Windows","Server SDRAM DDR1 DDR2 DDR3 ECC REG Registered FBDimm FB-Dimm Dram Memory Module for IBM Dell HP Compaq Sun Linux Windows","Server SDRAM DDR1 DDR2 DDR3 ECC REG Registered FBDimm FB-Dimm Dram Memory Module for IBM Dell HP Compaq Sun Linux Windows","Yes","Products only","","Yes","Best Value,Name,Price","","No layout updates",""
"Bag / Sleeve / Pouch","OS-STore.com Products/Other/Clothing & Bags","1","Yes","bag-sleeve-pouch","Bag / Sleeve / Pouch","","Bag / Sleeve / Pouch","Bag / Sleeve / Pouch","Bag / Sleeve / Pouch","Yes","Products only","","No","","","No layout updates",""
"Bottles","OS-STore.com Products/Other/Crafts","0","Yes","bottles","Bottles, Vial, Jar","file_6.jpg","Bottles, Vial, Jar","Bottles, Vial, Jar","Bottles, Vial, Jar","Yes","Products only","","No","","","No layout updates",""
"Slim Device","OS-STore.com Products/Computer/ODD / Drivers","56","Yes","slim-device","Hot offer Optical disc drive slim device ODD
Sony Nec , TSST Samsung Toshiba , H.L Hithachi LG , Teac . LiteOn Pioneer , Philips BENQ , QSI Quanta , Mitsumi , Torisan
CD DVD RW Combo DVDRW BD Blu-Ray 
SATA IDE PATA ATAPI Tray loading Slot-in","UJ-890_main_slogo.jpg","Optical disc drive  ODD Slim Devices on os-store.com","Hot offer Optical disc drive slim device
Sony Nec , TSST Samsung Toshiba , H.L Hithachi LG , Teac . LiteOn Pioneer , Philips BENQ , QSI Quanta , Mitsumi , Torisan
CD DVD RW Combo DVDRW BD Blu-Ray 
SATA IDE PATA ATAPI Tray loading Slot-in","Hot offer Optical disc drive slim device
Sony Nec , TSST Samsung Toshiba , H.L Hithachi LG , Teac . LiteOn Pioneer , Philips BENQ , QSI Quanta , Mitsumi , Torisan
CD DVD RW Combo DVDRW BD Blu-Ray 
SATA IDE PATA ATAPI Tray loading Slot-in","Yes","Products only","","No","Best Value,Name,Price","","No layout updates",""
"Video Doorphone System","OS-STore.com Products/Security Products/Access Control System","1","Yes","video-doorphone-system","","","","","","Yes","Products only","","No","Best Value,Name,Price","","No layout updates",""
"Security Monitors","OS-STore.com Products/Security Products/Security Camera Systems","3","Yes","security-monitors","","","","","","Yes","Products only","","No","Best Value,Name,Price","","No layout updates",""
"DVR&DVR Kit","OS-STore.com Products/Security Products/Security Camera Systems","2","Yes","dvr-dvr-kit","","","","","","Yes","Products only","","No","Best Value,Name,Price","","No layout updates",""
"Wireless Camera& Camera Kit","OS-STore.com Products/Security Products/Security Camera Systems","1","Yes","wireless-camera-camera-kit","","","","","","Yes","Products only","","No","Best Value,Name,Price","","No layout updates",""
"Solder Balls ","OS-STore.com Products/Computer/Bga Accessory","56","Yes","solder-balls","Sparkle Spheres are small solder balls used in the manufacture of BGAs, CSPs, and a variety of micro soldering applications. The solder balls are manufactured to extremely tight tolerances with exceptionally clean surfaces and are packed in inert gas to inhibit oxidation and preserve solderability.","","Solder Spheres,Solder Balls by os-store","Solderball Soldersphere Solder Ball Solder Sphere Tacky Flux No Clean Water Soluble Sn63 Sn10 SAC305","Solder Balls... Solder Spheres... Whatever you may call it, we think it is the perfect soldering package. We consider it the ultimate solder preform for solder attach, rework / reballing of PIP, POP, PBGA, or Flip Chip… The relative low cost and industry friendly nature of such rework processes eliminates costly waste and promotes environmental responsibility amongst our manufacturing sector. OS-Store is here to help. For over 5 years, we have provided our industry with best in class soldering products with reasonable prices and World Class Service. Our breadth of alloy and sphere size offerings combined with our depth of inventory allows us to easily: show inventory, provide pricing, receive your order, fulfill your order, confirm your order and ship your order. ","Yes","Products only","","No","Best Value,Name,Price","","No layout updates",""
"Micro Camera","OS-STore.com Products/Security Products/CCTV Camera","4","Yes","micro-camera","","","","","","Yes","Products only","","No","Best Value,Name,Price","","No layout updates",""
"Reballing Template ","OS-STore.com Products/Computer/Bga Accessory","59","Yes","reballing-template","We specialize Computer accessories wholesale offer, soldering irons and solders.BGA Fixtures and Accessories，Main Section，SRA Soldering Products	","","Wholesale BGA Universal Reballing Stencil","reballing kit, BGA repair, Xbox,CPU","BGA Universal Reballing Stencil.wholesale BGA Reballing Stencils lots, cheap BGA Reballing Stencils wholesalers, BGA Universal Reballing Stencil Freeshipping lots, cheap BGA Reballing Stencils dropship
","Yes","Products only","","No","Best Value,Name,Price","","No layout updates",""
"IR Camera","OS-STore.com Products/Security Products/CCTV Camera","2","Yes","ir-camera","Here,we offer different kinds of  CCTV Waterproof IR Camera,Eiffo-E Camera,420TVL,480TVL,540TVL,600TVL,650TVL,700TVL CCD Camera,Night Vasion","","os-store.com - CCTV Waterproof IR Camera, Sony&Sharp Eiffo-E Camera","CCTV Waterproof IR Camera,Eiffo-E Camera,420TVL,480TVL,540TVL,600TVL,650TVL,700TVL CCD Camera,Night Vasion","Os-store.com offers the best CCTV Waterproof IR Camera,Eiffo-E Camera,420TVL,480TVL,540TVL,600TVL,650TVL,700TVL CCD Camera,Night Vasion","Yes","Products only","","No","Best Value,Name,Price","","No layout updates",""
"Dome Camera","OS-STore.com Products/Security Products/CCTV Camera","1","Yes","dome-camera","Here,we offer different kinds of CCTV Dome Camera, Sony&Sharp Eiffo-E Camera,Night Vasion,420TVL,480TVL,540TVL,600TVL,650TVL,700TVL CCD Camera","","os-store.com - CCTV Dome Camera, Sony&Sharp Eiffo-E Camera","CCTV Dome Camera, Sony&Sharp Eiffo-E Camera,Night Vasion,420TVL,480TVL,540TVL,600TVL,650TVL,700TVL CCD Camera.","Os-store.com offers the best CCTV Dome Camera, Sony&Sharp Eiffo-E Camera,Night Vasion,420TVL,480TVL,540TVL,600TVL,650TVL,700TVL CCD Camera.","Yes","Products only","","No","Best Value,Name,Price","","No layout updates",""
"BGA Station","OS-STore.com Products/Computer/Bga Accessory","65","Yes","bga-station","BGA Station,BGA Reballing Station,BGA Fixtures and Accessories,Main Section,SRA Soldering Products	","","BGA Reballing Station,BGA Fixtures and Accessories,Main Section,SRA Soldering Products	","reballing kit, BGA repair, Xbox,","We specialize in SMT/SMD hot air rework stations, nozzles, soldering irons and solders.","Yes","Products only","","No","Best Value,Name,Price","","No layout updates",""
"soldering accessory","OS-STore.com Products/Computer/Bga Accessory","68","Yes","soldering-accessory","",""," goot wick ,Soldering Accessory,BGA Reballing Kits","Desoldering Wick CP-3015, wholesale goot wick lots, cheap BGA Repairing kit wholesalers, Desoldering Wick CP-3015 lots, cheap goot wick dropship","","Yes","Products only","","No","Best Value,Name,Price","","No layout updates",""
"Samsung","OS-STore.com Products/Computer/Power Adapter","46","Yes","samsung","","","","","","Yes","Products only","","No","Best Value,Name,Price","","No layout updates",""
