sku,price,qty,weight,name,meta_description,meta_keyword,meta_title
osst-20120505061142,95,30,299,AMD FX-Series FX-4100 FX4100 DeskTop CPU Socket AM3 938 FD4100WMGKGU FD4100WMGUSBX 8MB,AMD FX-Series FX-4100 FX4100 DeskTop CPU Socket AM3 938 FD4100WMGKGU FD4100WMGUSBX 8MB,AMD FX-Series FX-4100 FX4100 DeskTop CPU Socket AM3 938 FD4100WMGKGU FD4100WMGUSBX 8MB,AMD FX-Series FX-4100 FX4100 DeskTop CPU Socket AM3 938 FD4100WMGKGU FD4100WMGUSBX 8MB
osst-20120505061607,112,30,299,New AMD FX-Series FX-4100 FX4100 DeskTop CPU Socket AM3 938 FD4100WMGKGU FD4100WMGUSBX 8MB,New AMD FX-Series FX-4100 FX4100 DeskTop CPU Socket AM3 938 FD4100WMGKGU FD4100WMGUSBX 8MB,New AMD FX-Series FX-4100 FX4100 DeskTop CPU Socket AM3 938 FD4100WMGKGU FD4100WMGUSBX 8MB,New AMD FX-Series FX-4100 FX4100 DeskTop CPU Socket AM3 938 FD4100WMGKGU FD4100WMGUSBX 8MB
osst-20120505061758,155,30,299,New AMD FX-Series FX-4170 FX4170 DeskTop CPU Socket AM3 938 FD4170FRW4KGU FD4170FRGUBOX,New AMD FX-Series FX-4170 FX4170 DeskTop CPU Socket AM3 938 FD4170FRW4KGU FD4170FRGUBOX,New AMD FX-Series FX-4170 FX4170 DeskTop CPU Socket AM3 938 FD4170FRW4KGU FD4170FRGUBOX,New AMD FX-Series FX-4170 FX4170 DeskTop CPU Socket AM3 938 FD4170FRW4KGU FD4170FRGUBOX
osst-20120505061951,140,30,299,AMD FX-Series FX-4170 FX4170 DeskTop CPU Socket AM3 938 FD4170FRW4KGU FD4170FRGUBOX,AMD FX-Series FX-4170 FX4170 DeskTop CPU Socket AM3 938 FD4170FRW4KGU FD4170FRGUBOX,AMD FX-Series FX-4170 FX4170 DeskTop CPU Socket AM3 938 FD4170FRW4KGU FD4170FRGUBOX,AMD FX-Series FX-4170 FX4170 DeskTop CPU Socket AM3 938 FD4170FRW4KGU FD4170FRGUBOX
osst-20120505062248,112,30,299,AMD FX-Series FX-6100 FX6100 DeskTop CPU Socket AM3 938 FD6100WMW6KGU FD6100WMGUSBX,AMD FX-Series FX-6100 FX6100 DeskTop CPU Socket AM3 938 FD6100WMW6KGU FD6100WMGUSBX,AMD FX-Series FX-6100 FX6100 DeskTop CPU Socket AM3 938 FD6100WMW6KGU FD6100WMGUSBX,AMD FX-Series FX-6100 FX6100 DeskTop CPU Socket AM3 938 FD6100WMW6KGU FD6100WMGUSBX
osst-20120505062530,125,30,299,New AMD FX-Series FX-6100 FX6100 DeskTop CPU Socket AM3 938 FD6100WMW6KGU FD6100WMGUSBX,New AMD FX-Series FX-6100 FX6100 DeskTop CPU Socket AM3 938 FD6100WMW6KGU FD6100WMGUSBX,New AMD FX-Series FX-6100 FX6100 DeskTop CPU Socket AM3 938 FD6100WMW6KGU FD6100WMGUSBX,New AMD FX-Series FX-6100 FX6100 DeskTop CPU Socket AM3 938 FD6100WMW6KGU FD6100WMGUSBX
osst-20120505062734,150,30,499,New AMD FX-Series FX-6200 FX6200 DeskTop CPU Socket AM3 938 FD6200FRW6KGU FD6200FRGUBOX,New AMD FX-Series FX-6200 FX6200 DeskTop CPU Socket AM3 938 FD6200FRW6KGU FD6200FRGUBOX,New AMD FX-Series FX-6200 FX6200 DeskTop CPU Socket AM3 938 FD6200FRW6KGU FD6200FRGUBOX,New AMD FX-Series FX-6200 FX6200 DeskTop CPU Socket AM3 938 FD6200FRW6KGU FD6200FRGUBOX
osst-20120505062931,170,30,299,AMD FX-Series FX-6200 FX6200 DeskTop CPU Socket AM3 938 FD6200FRW6KGU FD6200FRGUBOX,AMD FX-Series FX-6200 FX6200 DeskTop CPU Socket AM3 938 FD6200FRW6KGU FD6200FRGUBOX,AMD FX-Series FX-6200 FX6200 DeskTop CPU Socket AM3 938 FD6200FRW6KGU FD6200FRGUBOX,AMD FX-Series FX-6200 FX6200 DeskTop CPU Socket AM3 938 FD6200FRW6KGU FD6200FRGUBOX
osst-20120505063307,195,30,299,AMD FX-Series FX-8100 FX8100 DeskTop CPU Socket AM3 938 FD8100WMW8KGU FD8100WMGUSBX 8MB,AMD FX-Series FX-8100 FX8100 DeskTop CPU Socket AM3 938 FD8100WMW8KGU FD8100WMGUSBX 8MB,AMD FX-Series FX-8100 FX8100 DeskTop CPU Socket AM3 938 FD8100WMW8KGU FD8100WMGUSBX 8MB,AMD FX-Series FX-8100 FX8100 DeskTop CPU Socket AM3 938 FD8100WMW8KGU FD8100WMGUSBX 8MB
osst-20120505063534,235,30,499,New AMD FX-Series FX-8100 FX8100 DeskTop CPU Socket AM3 938 FD8100WMW8KGU FD8100WMGUSBX,New AMD FX-Series FX-8100 FX8100 DeskTop CPU Socket AM3 938 FD8100WMW8KGU FD8100WMGUSBX,New AMD FX-Series FX-8100 FX8100 DeskTop CPU Socket AM3 938 FD8100WMW8KGU FD8100WMGUSBX,New AMD FX-Series FX-8100 FX8100 DeskTop CPU Socket AM3 938 FD8100WMW8KGU FD8100WMGUSBX
osst-20120505063759,175,30,499,New AMD FX-Series FX-8120 FX8200 DeskTop CPU Socket AM3 938 FD8120FRW8KGU FD8120FRGUBOX,New AMD FX-Series FX-8120 FX8200 DeskTop CPU Socket AM3 938 FD8120FRW8KGU FD8120FRGUBOX,New AMD FX-Series FX-8120 FX8200 DeskTop CPU Socket AM3 938 FD8120FRW8KGU FD8120FRGUBOX,New AMD FX-Series FX-8120 FX8200 DeskTop CPU Socket AM3 938 FD8120FRW8KGU FD8120FRGUBOX
osst-20120505063937,155,30,299,AMD FX-Series FX-8120 FX8200 DeskTop CPU Socket AM3 938 FD8120FRW8KGU FD8120FRGUBOX,AMD FX-Series FX-8120 FX8200 DeskTop CPU Socket AM3 938 FD8120FRW8KGU FD8120FRGUBOX,AMD FX-Series FX-8120 FX8200 DeskTop CPU Socket AM3 938 FD8120FRW8KGU FD8120FRGUBOX,AMD FX-Series FX-8120 FX8200 DeskTop CPU Socket AM3 938 FD8120FRW8KGU FD8120FRGUBOX
osst-20120505064202,195,30,499,"	 AMD FX-Series FX-8150 FX8150 DeskTop CPU Socket AM3 938 FD8150FRW8KGU FD8150FRGUBOX 8MB","	 AMD FX-Series FX-8150 FX8150 DeskTop CPU Socket AM3 938 FD8150FRW8KGU FD8150FRGUBOX 8MB","	 AMD FX-Series FX-8150 FX8150 DeskTop CPU Socket AM3 938 FD8150FRW8KGU FD8150FRGUBOX 8MB","	 AMD FX-Series FX-8150 FX8150 DeskTop CPU Socket AM3 938 FD8150FRW8KGU FD8150FRGUBOX 8MB"
osst-20120505064508,225,30,499,New AMD FX-Series FX-8150 FX8150 DeskTop CPU Socket AM3 938 FD8150FRW8KGU FD8150FRGUBOX 8MB,New AMD FX-Series FX-8150 FX8150 DeskTop CPU Socket AM3 938 FD8150FRW8KGU FD8150FRGUBOX 8MB,New AMD FX-Series FX-8150 FX8150 DeskTop CPU Socket AM3 938 FD8150FRW8KGU FD8150FRGUBOX 8MB,New AMD FX-Series FX-8150 FX8150 DeskTop CPU Socket AM3 938 FD8150FRW8KGU FD8150FRGUBOX 8MB
osst-20120528054642,145,5,299,AMD Athlon 64 FX-51 FX51 DeskTop CPU Socket AM2 940 ADAFX51CEP5AK ADAFX51CEP5AT ADAFX51BOX 2.2Ghz 1MB,AMD Athlon 64 FX-51 FX51 DeskTop CPU Socket AM2 940 ADAFX51CEP5AK ADAFX51CEP5AT ADAFX51BOX 2.2Ghz 1MB,AMD Athlon 64 FX-51 FX51 DeskTop CPU Socket AM2 940 ADAFX51CEP5AK ADAFX51CEP5AT ADAFX51BOX 2.2Ghz 1MB,AMD Athlon 64 FX-51 FX51 DeskTop CPU Socket AM2 940 ADAFX51CEP5AK ADAFX51CEP5AT ADAFX51BOX 2.2Ghz 1MB
osst-20120528055116,175,5,299,New AMD Athlon 64 FX-51 FX51 DeskTop CPU Socket AM2 940 ADAFX51CEP5AK ADAFX51CEP5AT ADAFX51BOX 2.2Ghz 1MB,New AMD Athlon 64 FX-51 FX51 DeskTop CPU Socket AM2 940 ADAFX51CEP5AK ADAFX51CEP5AT ADAFX51BOX 2.2Ghz 1MB,New AMD Athlon 64 FX-51 FX51 DeskTop CPU Socket AM2 940 ADAFX51CEP5AK ADAFX51CEP5AT ADAFX51BOX 2.2Ghz 1MB,New AMD Athlon 64 FX-51 FX51 DeskTop CPU Socket AM2 940 ADAFX51CEP5AK ADAFX51CEP5AT ADAFX51BOX 2.2Ghz 1MB
osst-20120528060012,175,5,299,New AMD Athlon 64 FX-53 FX53 DeskTop CPU Socket AM2 940 ADAFX53CEP5AT ADAFX53ASBOX 2.4Ghz 1MB,New AMD Athlon 64 FX-53 FX53 DeskTop CPU Socket AM2 940 ADAFX53CEP5AT ADAFX53ASBOX 2.4Ghz 1MB,New AMD Athlon 64 FX-53 FX53 DeskTop CPU Socket AM2 940 ADAFX53CEP5AT ADAFX53ASBOX 2.4Ghz 1MB,New AMD Athlon 64 FX-53 FX53 DeskTop CPU Socket AM2 940 ADAFX53CEP5AT ADAFX53ASBOX 2.4Ghz 1MB
osst-20120528060157,145,5,299,AMD Athlon 64 FX-53 FX53 DeskTop CPU Socket AM2 940 ADAFX53CEP5AT ADAFX53ASBOX 2.4Ghz 1MB,AMD Athlon 64 FX-53 FX53 DeskTop CPU Socket AM2 940 ADAFX53CEP5AT ADAFX53ASBOX 2.4Ghz 1MB,AMD Athlon 64 FX-53 FX53 DeskTop CPU Socket AM2 940 ADAFX53CEP5AT ADAFX53ASBOX 2.4Ghz 1MB,AMD Athlon 64 FX-53 FX53 DeskTop CPU Socket AM2 940 ADAFX53CEP5AT ADAFX53ASBOX 2.4Ghz 1MB
osst-20120528060347,175,5,299,AMD Athlon 64 FX-62 FX62 DeskTop CPU Socket AM2 940 ADAFX62IAA6CS ADAFX62CSBOX 2.8Ghz 2MB,AMD Athlon 64 FX-62 FX62 DeskTop CPU Socket AM2 940 ADAFX62IAA6CS ADAFX62CSBOX 2.8Ghz 2MB,AMD Athlon 64 FX-62 FX62 DeskTop CPU Socket AM2 940 ADAFX62IAA6CS ADAFX62CSBOX 2.8Ghz 2MB,AMD Athlon 64 FX-62 FX62 DeskTop CPU Socket AM2 940 ADAFX62IAA6CS ADAFX62CSBOX 2.8Ghz 2MB
osst-20120528060811,195,5,299,New AMD Athlon 64 FX-62 FX62 DeskTop CPU Socket AM2 940 ADAFX62IAA6CS ADAFX62CSBOX 2.8Ghz 2MB,New AMD Athlon 64 FX-62 FX62 DeskTop CPU Socket AM2 940 ADAFX62IAA6CS ADAFX62CSBOX 2.8Ghz 2MB,New AMD Athlon 64 FX-62 FX62 DeskTop CPU Socket AM2 940 ADAFX62IAA6CS ADAFX62CSBOX 2.8Ghz 2MB,New AMD Athlon 64 FX-62 FX62 DeskTop CPU Socket AM2 940 ADAFX62IAA6CS ADAFX62CSBOX 2.8Ghz 2MB
osst-20120528061035,145,5,299,AMD Athlon 64 FX-53 FX53 DeskTop CPU 939 ADAFX53DEP5AS ADAFX53BOX 2.4Ghz 1MB,AMD Athlon 64 FX-53 FX53 DeskTop CPU 939 ADAFX53DEP5AS ADAFX53BOX 2.4Ghz 1MB,AMD Athlon 64 FX-53 FX53 DeskTop CPU 939 ADAFX53DEP5AS ADAFX53BOX 2.4Ghz 1MB,AMD Athlon 64 FX-53 FX53 DeskTop CPU 939 ADAFX53DEP5AS ADAFX53BOX 2.4Ghz 1MB
osst-20120528061828,175,5,299,New AMD Athlon 64 FX-53 FX53 DeskTop CPU 939 ADAFX53DEP5AS ADAFX53BOX 2.4Ghz 1MB,New AMD Athlon 64 FX-53 FX53 DeskTop CPU 939 ADAFX53DEP5AS ADAFX53BOX 2.4Ghz 1MB,New AMD Athlon 64 FX-53 FX53 DeskTop CPU 939 ADAFX53DEP5AS ADAFX53BOX 2.4Ghz 1MB,New AMD Athlon 64 FX-53 FX53 DeskTop CPU 939 ADAFX53DEP5AS ADAFX53BOX 2.4Ghz 1MB
osst-20120528062137,175,5,299,New AMD Athlon 64 FX-55 FX55 DeskTop CPU 939 ADAFX55DAA5BN ADAFX55BNBOX ADAFX55DEI5AS ADAFX55ASBOX,New AMD Athlon 64 FX-55 FX55 DeskTop CPU 939 ADAFX55DAA5BN ADAFX55BNBOX ADAFX55DEI5AS ADAFX55ASBOX,New AMD Athlon 64 FX-55 FX55 DeskTop CPU 939 ADAFX55DAA5BN ADAFX55BNBOX ADAFX55DEI5AS ADAFX55ASBOX,New AMD Athlon 64 FX-55 FX55 DeskTop CPU 939 ADAFX55DAA5BN ADAFX55BNBOX ADAFX55DEI5AS ADAFX55ASBOX
osst-20120528063014,145,5,299,AMD Athlon 64 FX-55 FX55 DeskTop CPU 939 ADAFX55DAA5BN ADAFX55BNBOX ADAFX55DEI5AS ADAFX55ASBOX,AMD Athlon 64 FX-55 FX55 DeskTop CPU 939 ADAFX55DAA5BN ADAFX55BNBOX ADAFX55DEI5AS ADAFX55ASBOX,AMD Athlon 64 FX-55 FX55 DeskTop CPU 939 ADAFX55DAA5BN ADAFX55BNBOX ADAFX55DEI5AS ADAFX55ASBOX,AMD Athlon 64 FX-55 FX55 DeskTop CPU 939 ADAFX55DAA5BN ADAFX55BNBOX ADAFX55DEI5AS ADAFX55ASBOX
osst-20120528063145,145,5,299,AMD Athlon 64 FX-57 FX57 DeskTop CPU 939 ADAFX57DAA5BN ADAFX57BNBOX 2.8Ghz 1MB,AMD Athlon 64 FX-57 FX57 DeskTop CPU 939 ADAFX57DAA5BN ADAFX57BNBOX 2.8Ghz 1MB,AMD Athlon 64 FX-57 FX57 DeskTop CPU 939 ADAFX57DAA5BN ADAFX57BNBOX 2.8Ghz 1MB,AMD Athlon 64 FX-57 FX57 DeskTop CPU 939 ADAFX57DAA5BN ADAFX57BNBOX 2.8Ghz 1MB
osst-20120528063354,175,5,299,New AMD Athlon 64 FX-57 FX57 DeskTop CPU 939 ADAFX57DAA5BN ADAFX57BNBOX 2.8Ghz 1MB,New AMD Athlon 64 FX-57 FX57 DeskTop CPU 939 ADAFX57DAA5BN ADAFX57BNBOX 2.8Ghz 1MB,New AMD Athlon 64 FX-57 FX57 DeskTop CPU 939 ADAFX57DAA5BN ADAFX57BNBOX 2.8Ghz 1MB,New AMD Athlon 64 FX-57 FX57 DeskTop CPU 939 ADAFX57DAA5BN ADAFX57BNBOX 2.8Ghz 1MB
osst-20120528063531,195,5,299,New AMD Athlon 64 FX-60 FX60 DeskTop CPU 939 ADAFX60DAA6CD ADAFX60CDBOX 2.6Ghz 2MB,New AMD Athlon 64 FX-60 FX60 DeskTop CPU 939 ADAFX60DAA6CD ADAFX60CDBOX 2.6Ghz 2MB,New AMD Athlon 64 FX-60 FX60 DeskTop CPU 939 ADAFX60DAA6CD ADAFX60CDBOX 2.6Ghz 2MB,New AMD Athlon 64 FX-60 FX60 DeskTop CPU 939 ADAFX60DAA6CD ADAFX60CDBOX 2.6Ghz 2MB
osst-20120528063725,175,5,299,AMD Athlon 64 FX-60 FX60 DeskTop CPU 939 ADAFX60DAA6CD ADAFX60CDBOX 2.6Ghz 2MB,AMD Athlon 64 FX-60 FX60 DeskTop CPU 939 ADAFX60DAA6CD ADAFX60CDBOX 2.6Ghz 2MB,AMD Athlon 64 FX-60 FX60 DeskTop CPU 939 ADAFX60DAA6CD ADAFX60CDBOX 2.6Ghz 2MB,AMD Athlon 64 FX-60 FX60 DeskTop CPU 939 ADAFX60DAA6CD ADAFX60CDBOX 2.6Ghz 2MB
osst-20120528064602,195,5,299,AMD Athlon 64 FX-70 FX70 Desktop CPU Socket F LGA 1207 ADAFX70GAA6DI ADAFX70DIBOX 2.6Ghz 2M,AMD Athlon 64 FX-70 FX70 Desktop CPU Socket F LGA 1207 ADAFX70GAA6DI ADAFX70DIBOX 2.6Ghz 2M,AMD Athlon 64 FX-70 FX70 Desktop CPU Socket F LGA 1207 ADAFX70GAA6DI ADAFX70DIBOX 2.6Ghz 2M,AMD Athlon 64 FX-70 FX70 Desktop CPU Socket F LGA 1207 ADAFX70GAA6DI ADAFX70DIBOX 2.6Ghz 2M
osst-20120528065108,225,5,499,New AMD Athlon 64 FX-70 FX70 Desktop CPU Socket F LGA 1207 ADAFX70GAA6DI ADAFX70DIBOX 2.6Ghz 2M,New AMD Athlon 64 FX-70 FX70 Desktop CPU Socket F LGA 1207 ADAFX70GAA6DI ADAFX70DIBOX 2.6Ghz 2M,New AMD Athlon 64 FX-70 FX70 Desktop CPU Socket F LGA 1207 ADAFX70GAA6DI ADAFX70DIBOX 2.6Ghz 2M,New AMD Athlon 64 FX-70 FX70 Desktop CPU Socket F LGA 1207 ADAFX70GAA6DI ADAFX70DIBOX 2.6Ghz 2M
osst-20120528065346,225,5,499,New AMD Athlon 64 FX-72 FX72 Desktop CPU Socket F LGA 1207 ADAFX72GAA6DI ADAFX72DIBOX 2.8Ghz 2M,New AMD Athlon 64 FX-72 FX72 Desktop CPU Socket F LGA 1207 ADAFX72GAA6DI ADAFX72DIBOX 2.8Ghz 2M,New AMD Athlon 64 FX-72 FX72 Desktop CPU Socket F LGA 1207 ADAFX72GAA6DI ADAFX72DIBOX 2.8Ghz 2M,New AMD Athlon 64 FX-72 FX72 Desktop CPU Socket F LGA 1207 ADAFX72GAA6DI ADAFX72DIBOX 2.8Ghz 2M
osst-20120528065553,195,5,299,AMD Athlon 64 FX-72 FX72 Desktop CPU Socket F LGA 1207 ADAFX72GAA6DI ADAFX72DIBOX 2.8Ghz 2M,AMD Athlon 64 FX-72 FX72 Desktop CPU Socket F LGA 1207 ADAFX72GAA6DI ADAFX72DIBOX 2.8Ghz 2M,AMD Athlon 64 FX-72 FX72 Desktop CPU Socket F LGA 1207 ADAFX72GAA6DI ADAFX72DIBOX 2.8Ghz 2M,AMD Athlon 64 FX-72 FX72 Desktop CPU Socket F LGA 1207 ADAFX72GAA6DI ADAFX72DIBOX 2.8Ghz 2M
osst-20120528065737,195,5,299,AMD Athlon 64 FX-74 FX74 Desktop CPU Socket F LGA 1207 ADAFX74GAA6DI ADAFX74DIBOX 3Ghz 2M,AMD Athlon 64 FX-74 FX74 Desktop CPU Socket F LGA 1207 ADAFX74GAA6DI ADAFX74DIBOX 3Ghz 2M,AMD Athlon 64 FX-74 FX74 Desktop CPU Socket F LGA 1207 ADAFX74GAA6DI ADAFX74DIBOX 3Ghz 2M,AMD Athlon 64 FX-74 FX74 Desktop CPU Socket F LGA 1207 ADAFX74GAA6DI ADAFX74DIBOX 3Ghz 2M
osst-20120528065914,195,5,299,AMD Athlon 64 FX-74 FX74 Desktop CPU Socket F LGA 1207 ADAFX74GAA6DI ADAFX74DIBOX 3Ghz 2M,AMD Athlon 64 FX-74 FX74 Desktop CPU Socket F LGA 1207 ADAFX74GAA6DI ADAFX74DIBOX 3Ghz 2M,AMD Athlon 64 FX-74 FX74 Desktop CPU Socket F LGA 1207 ADAFX74GAA6DI ADAFX74DIBOX 3Ghz 2M,AMD Athlon 64 FX-74 FX74 Desktop CPU Socket F LGA 1207 ADAFX74GAA6DI ADAFX74DIBOX 3Ghz 2M
