name,sku,price,qty
"Seagate 2.5"" 10GB 4200rpm 2MB Laptop PATA IDE HDD HardDisk 44pin Notebook Driver",osst-20101214092471,18.5,99
"Seagate 2.5"" 12GB 4200rpm 2MB Laptop PATA IDE HDD HardDisk 44pin Notebook Driver",osst-20101214092472,18.5,99
"Seagate 2.5"" 15GB 4200rpm 2MB Laptop PATA IDE HDD HardDisk 44pin Notebook Driver",osst-20101214092473,18.5,99
"Seagate 2.5"" 20GB 4200rpm 2MB Laptop PATA IDE HDD HardDisk 44pin Notebook Driver",osst-20101214092474,18.5,99
"Western Digital WD 2.5"" 20GB 4200rpm 2MB Laptop PATA IDE HDD HardDisk 44pin Notebook Driver",osst-20101214092499,18.5,0
"Toshiba 2.5"" 20GB 4200rpm Laptop PATA IDE HDD HardDisk 44pin Notebook Driver",osst-20101614092514,18.5,99
"Toshiba 2.5"" 15GB 4200rpm Laptop PATA IDE HDD HardDisk 44pin Notebook Driver",osst-20101614092515,18.5,99
"Toshiba 2.5"" 10GB 4200rpm Laptop PATA IDE HDD HardDisk 44pin Notebook Driver",osst-20101614092516,18.5,99
"Toshiba 2.5"" 12GB 4200rpm Laptop PATA IDE HDD HardDisk 44pin Notebook Driver",osst-20101614092517,18.5,99
"IBM 2.5"" 20GB 4200rpm 2MB Laptop PATA IDE HDD HardDisk 44pin Notebook Driver",osst-20101614092530,18.5,99
"IBM 2.5"" 10GB 4200rpm 2MB Laptop PATA IDE HDD HardDisk 44pin Notebook Driver",osst-20101614092531,18.5,99
"IBM 2.5"" 12GB 4200rpm 2MB Laptop PATA IDE HDD HardDisk 44pin Notebook Driver",osst-20101614092532,18.5,99
"IBM 2.5"" 15GB 4200rpm 2MB Laptop PATA IDE HDD HardDisk 44pin Notebook Driver",osst-20101614092533,18.5,99
"Hitachi 2.5"" 20GB 4200rpm 2MB Laptop PATA IDE HDD HardDisk 44pin Notebook Driver",osst-20101614092538,18.5,99
"Hitachi 2.5"" 12GB 4200rpm 2MB Laptop PATA IDE HDD HardDisk 44pin Notebook Driver",osst-20101614092542,18.5,99
"Hitachi 2.5"" 15GB 4200rpm 2MB Laptop PATA IDE HDD HardDisk 44pin Notebook Driver",osst-20101614092543,18.5,99
"Hitachi 2.5"" 10GB 4200rpm 2MB Laptop PATA IDE HDD HardDisk 44pin Notebook Driver",osst-20101614092544,18.5,99
"Fujitsu 2.5"" 10GB 4200rpm 2MB Laptop PATA IDE HDD HardDisk 44pin Notebook Driver",osst-20101614092553,18.5,99
"Fujitsu 2.5"" 12GB 4200rpm 2MB Laptop PATA IDE HDD HardDisk 44pin Notebook Driver",osst-20101614092554,18.5,99
"Fujitsu 2.5"" 15GB 4200rpm 2MB Laptop PATA IDE HDD HardDisk 44pin Notebook Driver",osst-20101614092555,18.5,99
"Fujitsu 2.5"" 20GB 4200rpm 2MB Laptop PATA IDE HDD HardDisk 44pin Notebook Driver",osst-20101614092556,18.5,99
"Toshiba 2.5"" 8GB 4200rpm Laptop PATA IDE HDD HardDisk 44pin Notebook Driver",osst-20110402092520,18.5,99
"Toshiba 2.5"" 6.4GB 4200rpm Laptop PATA IDE HDD HardDisk 44pin Notebook Driver",osst-20110402093211,18.5,99
"Toshiba 2.5"" 6GB 4200rpm Laptop PATA IDE HDD HardDisk 44pin Notebook Driver",osst-20110402093453,18.5,99
"Toshiba 2.5"" 5GB 4200rpm Laptop PATA IDE HDD HardDisk 44pin Notebook Driver",osst-20110402102041,18.5,99
"Toshiba 2.5"" 4.8GB 4200rpm Laptop PATA IDE HDD HardDisk 44pin Notebook Driver",osst-20110402102151,18.5,99
"Toshiba 2.5"" 4.3GB 4200rpm Laptop PATA IDE HDD HardDisk 44pin Notebook Driver",osst-20110402102259,18.5,99
"Toshiba 2.5"" 4GB 4200rpm Laptop PATA IDE HDD HardDisk 44pin Notebook Driver",osst-20110402102410,18.5,99
"Toshiba 2.5"" 3GB 4200rpm Laptop PATA IDE HDD HardDisk 44pin Notebook Driver",osst-20110402102518,18.5,99
"Toshiba 2.5"" 2GB 2.1GB 4200rpm Laptop PATA IDE HDD HardDisk 44pin Notebook Driver",osst-20110402102651,18.5,99
"Hitachi 2.5"" 8GB 4200rpm 2MB Laptop PATA IDE HDD HardDisk 44pin Notebook Driver",osst-20110406022734,18.5,99
"Hitachi 2.5"" 6.4GB 4200rpm 2MB Laptop PATA IDE HDD HardDisk 44pin Notebook Driver",osst-20110406023143,18.5,99
"Hitachi 2.5"" 6GB 4200rpm 2MB Laptop PATA IDE HDD HardDisk 44pin Notebook Driver",osst-20110406023344,18.5,99
"Hitachi 2.5"" 5GB 4200rpm 2MB Laptop PATA IDE HDD HardDisk 44pin Notebook Driver",osst-20110406023723,18.5,99
"Hitachi 2.5"" 4.8GB 4200rpm 2MB Laptop PATA IDE HDD HardDisk 44pin Notebook Driver",osst-20110406023845,18.5,99
"Hitachi 2.5"" 4.3GB 4200rpm 2MB Laptop PATA IDE HDD HardDisk 44pin Notebook Driver",osst-20110406024047,18.5,99
"Hitachi 2.5"" 4GB 4200rpm 2MB Laptop PATA IDE HDD HardDisk 44pin Notebook Driver",osst-20110406024400,18.5,99
"Hitachi 2.5"" 3GB 4200rpm 2MB Laptop PATA IDE HDD HardDisk 44pin Notebook Driver",osst-20110406024525,18.5,99
"Hitachi 2.5"" 2GB 2.1GB 4200rpm 2MB Laptop PATA IDE HDD HardDisk 44pin Notebook Driver",osst-20110406024707,18.5,99
"Fujitsu 2.5"" 8GB 4200rpm 2MB Laptop PATA IDE HDD HardDisk 44pin Notebook Driver",osst-20110406024914,18.5,99
"Fujitsu 2.5"" 6.4GB 4200rpm 2MB Laptop PATA IDE HDD HardDisk 44pin Notebook Driver",osst-20110406025836,18.5,99
"Fujitsu 2.5"" 6GB 4200rpm 2MB Laptop PATA IDE HDD HardDisk 44pin Notebook Driver",osst-20110406031414,18.5,99
"Fujitsu 2.5"" 5GB 4200rpm 2MB Laptop PATA IDE HDD HardDisk 44pin Notebook Driver",osst-20110406031606,18.5,99
"Fujitsu 2.5"" 4.8GB 4200rpm 2MB Laptop PATA IDE HDD HardDisk 44pin Notebook Driver",osst-20110406032058,18.5,99
"Fujitsu 2.5"" 4.3GB 4200rpm 2MB Laptop PATA IDE HDD HardDisk 44pin Notebook Driver",osst-20110406032215,18.5,99
"Fujitsu 2.5"" 4GB 4200rpm 2MB Laptop PATA IDE HDD HardDisk 44pin Notebook Driver",osst-20110406032422,18.5,99
"Fujitsu 2.5"" 2GB 2.1GB 4200rpm 2MB Laptop PATA IDE HDD HardDisk 44pin Notebook Driver",osst-20110406032532,18.5,99
"Fujitsu 2.5"" 3GB 4200rpm 2MB Laptop PATA IDE HDD HardDisk 44pin Notebook Driver",osst-20110406032542,18.5,99
"IBM 2.5"" 8GB 4200rpm 2MB Laptop PATA IDE HDD HardDisk 44pin Notebook Driver",osst-20110406032931,18.5,99
"IBM 2.5"" 6.4GB 4200rpm 2MB Laptop PATA IDE HDD HardDisk 44pin Notebook Driver",osst-20110406033258,18.5,99
"IBM 2.5"" 6GB 4200rpm 2MB Laptop PATA IDE HDD HardDisk 44pin Notebook Driver",osst-20110406033443,18.5,99
"IBM 2.5"" 5GB 4200rpm 2MB Laptop PATA IDE HDD HardDisk 44pin Notebook Driver",osst-20110406033658,18.5,99
"IBM 2.5"" 4.8GB 4200rpm 2MB Laptop PATA IDE HDD HardDisk 44pin Notebook Driver",osst-20110406033909,18.5,99
"IBM 2.5"" 4.3GB 4200rpm 2MB Laptop PATA IDE HDD HardDisk 44pin Notebook Driver",osst-20110406034033,18.5,99
"IBM 2.5"" 4GB 4200rpm 2MB Laptop PATA IDE HDD HardDisk 44pin Notebook Driver",osst-20110406034145,18.5,99
"IBM 2.5"" 3GB 4200rpm 2MB Laptop PATA IDE HDD HardDisk 44pin Notebook Driver",osst-20110406034312,18.5,99
"IBM 2.5"" 2GB 2.1GB 4200rpm 2MB Laptop PATA IDE HDD HardDisk 44pin Notebook Driver",osst-20110406034418,18.5,99
"Seagate 2.5"" 30GB 4200rpm 2MB Laptop PATA IDE HDD HardDisk 44pin Notebook Driver",osst-20101214092475,22,99
"Western Digital WD 2.5"" 30GB 4200rpm 2MB Laptop PATA IDE HDD HardDisk 44pin Notebook Driver",osst-20101214092500,22,99
"Toshiba 2.5"" 30GB 4200rpm Laptop PATA IDE HDD HardDisk 44pin Notebook Driver",osst-20101614092518,22,99
"IBM 2.5"" 30GB 4200rpm 2MB Laptop PATA IDE HDD HardDisk 44pin Notebook Driver",osst-20101614092529,22,99
"Hitachi 2.5"" 30GB 4200rpm 2MB Laptop PATA IDE HDD HardDisk 44pin Notebook Driver",osst-20101614092537,22,99
"Fujitsu 2.5"" 30GB 4200rpm 2MB Laptop PATA IDE HDD HardDisk 44pin Notebook Driver",osst-20101614092557,22,99
"Samsung 2.5"" 40GB 5400rpm 8MB Laptop PATA IDE HDD HardDisk 44pin Notebook Driver",osst-20101213092452,25,98
"Samsung 2.5"" 40GB 5400rpm 8MB Laptop HDD Hard Disk Notebook Driver SATA Serial ATA",osst-20101213092455,25,99
"Samsung 2.5"" 30GB 5400rpm 8MB Laptop HDD Hard Disk Notebook Driver SATA Serial ATA",osst-20101213092457,25,99
"Samsung 2.5"" 20GB 5400rpm 8MB Laptop HDD Hard Disk Notebook Driver SATA Serial ATA",osst-20101213092459,25,99
"Seagate 2.5"" 40GB 4200rpm 2MB Laptop PATA IDE HDD HardDisk 44pin Notebook Driver",osst-20101214092476,25,99
"Seagate 2.5"" 40GB 5400rpm 8MB Laptop HDD Hard Disk Notebook Driver SATA Serial ATA",osst-20101214092490,25,99
"Western Digital WD 2.5"" 40GB 4200rpm 2MB Laptop PATA IDE HDD HardDisk 44pin Notebook Driver",osst-20101214092501,25,99
"Toshiba 2.5"" 40GB 4200rpm Laptop PATA IDE HDD HardDisk 44pin Notebook Driver",osst-20101614092519,25,99
"IBM 2.5"" 40GB 4200rpm 2MB Laptop PATA IDE HDD HardDisk 44pin Notebook Driver",osst-20101614092534,25,99
"Hitachi 2.5"" 40GB 4200rpm 2MB Laptop PATA IDE HDD HardDisk 44pin Notebook Driver",osst-20101614092539,25,99
"Hitachi 2.5"" 40GB 5400rpm 8MB Laptop HDD Hard Disk Notebook Driver SATA Serial ATA",osst-20101614092545,25,99
"Fujitsu 2.5"" 40GB 4200rpm 2MB Laptop PATA IDE HDD HardDisk 44pin Notebook Driver",osst-20101614092558,25,99
"Fujitsu 2.5"" 40GB 5400rpm 8MB Laptop HDD Hard Disk Notebook Driver SATA Serial ATA",osst-20110315053101,25,99
"Toshiba 2.5"" 40GB 5400rpm 8MB Laptop HDD Hard Disk Notebook Driver SATA Serial ATA",osst-20110317025631,25,99
"Western Digital WD 2.5"" 40GB 5400rpm 8MB Laptop SATA Hard Disk Notebook Driver",osst-20110531122933,25,99
"Samsung 2.5"" 60GB 5400rpm 8MB Laptop HDD Hard Disk Notebook Driver SATA Serial ATA",osst-20101213092456,28,99
"Seagate 2.5"" 60GB 5400rpm 8MB Laptop HDD Hard Disk Notebook Driver SATA Serial ATA",osst-20101214092491,28,99
"Hitachi 2.5"" 60GB 5400rpm 8MB Laptop HDD Hard Disk Notebook Driver SATA Serial ATA",osst-20101614092546,28,99
"Fujitsu 2.5"" 60GB 5400rpm 8MB Laptop HDD Hard Disk Notebook Driver SATA Serial ATA",osst-20110315053759,28,99
"Toshiba 2.5"" 60GB 5400rpm 8MB Laptop HDD Hard Disk Notebook Driver SATA Serial ATA",osst-20110317042745,28,99
"Western Digital WD 2.5"" 60GB 5400rpm 8MB Laptop SATA Hard Disk Notebook Driver",osst-20110531123456,28,99
"Samsung 2.5"" 60GB 5400rpm 8MB Laptop PATA IDE HDD HardDisk 44pin Notebook Driver",osst-20101213092453,32,97
"Seagate 2.5"" 60GB 4200rpm 2MB Laptop PATA IDE HDD HardDisk 44pin Notebook Driver",osst-20101214092477,32,99
"Western Digital WD 2.5"" 60GB 4200rpm 2MB Laptop PATA IDE HDD HardDisk 44pin Notebook Driver",osst-20101214092502,32,99
"Toshiba 2.5"" 60GB 4200rpm Laptop PATA IDE HDD HardDisk 44pin Notebook Driver",osst-20101614092520,32,99
"IBM 2.5"" 60GB 4200rpm 2MB Laptop PATA IDE HDD HardDisk 44pin Notebook Driver",osst-20101614092535,32,99
"Hitachi 2.5"" 60GB 4200rpm 2MB Laptop PATA IDE HDD HardDisk 44pin Notebook Driver",osst-20101614092540,32,99
"Fujitsu 2.5"" 60GB 4200rpm 2MB Laptop PATA IDE HDD HardDisk 44pin Notebook Driver",osst-20101614092559,32,99
"New Fujitsu 2.5"" 20GB 4200rpm 2MB Laptop PATA IDE HDD Hard Disk Drive 44pin Notebook",osst-20111028065745,32,99
"New Seagate 2.5"" 20GB 4200rpm 2MB Laptop PATA IDE HDD Hard Disk Drive 44pin Notebook",osst-20111028070918,32,99
"New Toshiba 2.5"" 20GB 4200rpm 2MB Laptop PATA IDE HDD Hard Disk Drive 44pin Notebook",osst-20111028072259,32,99
"New Samsung 2.5"" 20GB 5400rpm 8MB Laptop PATA IDE HDD Hard Disk Drive 44pin Notebook",osst-20111028072742,32,99
"Samsung 2.5"" 80GB 5400rpm 8MB Laptop HDD Hard Disk Notebook Driver SATA Serial ATA",osst-20101213092458,35,99
"Seagate 2.5"" 80GB 5400rpm 8MB Laptop HDD Hard Disk Notebook Driver SATA Serial ATA",osst-20101214092492,35,96
"Hitachi 2.5"" 80GB 5400rpm 8MB Laptop HDD Hard Disk Notebook Driver SATA Serial ATA",osst-20101614092547,35,99
"Fujitsu 2.5"" 80GB 5400rpm 8MB Laptop HDD Hard Disk Notebook Driver SATA Serial ATA",osst-20110315054110,35,99
"Toshiba 2.5"" 80GB 5400rpm 8MB Laptop HDD Hard Disk Notebook Driver SATA Serial ATA",osst-20110317043006,35,99
"White Label  WD 2.5"" 80GB 5400rpm 8MB Laptop PATA IDE HardDisk 44pin Notebook Driver",osst-20110531123849,42,99
"New Toshiba 2.5"" 30GB 4200rpm 2MB Laptop PATA IDE HDD Hard Disk Drive 44pin Notebook",osst-20111028072260,35,99
"New Fujitsu 2.5"" 30GB 4200rpm 2MB Laptop PATA IDE HDD Hard Disk Drive 44pin Notebook",osst-20111028065746,35,99
"New Samsung 2.5"" 30GB 5400rpm 8MB Laptop PATA IDE HDD Hard Disk Drive 44pin Notebook",osst-20111028072743,35,99
"New Seagate 2.5"" 30GB 4200rpm 2MB Laptop PATA IDE HDD Hard Disk Drive 44pin Notebook",osst-20111028070919,35,99
"Western Digital WD 2.5"" 80GB 5400rpm 8MB Laptop SATA Hard Disk Notebook Driver",osst-20111031103902,35,99
"Samsung 2.5"" 100GB 5400rpm 8MB Laptop HDD Hard Disk Notebook Driver SATA Serial ATA",osst-20101213092460,38,99
"Samsung 2.5"" 120GB 5400rpm 8MB Laptop HDD Hard Disk Notebook Driver SATA Serial ATA",osst-20101213092461,38,99
"Seagate 2.5"" 100GB 5400rpm 8MB Laptop HDD Hard Disk Notebook Driver SATA Serial ATA",osst-20101214092493,38,99
"Seagate 2.5"" 120GB 5400rpm 8MB Laptop HDD Hard Disk Notebook Driver SATA Serial ATA",osst-20101214092494,38,99
"Hitachi 2.5"" 100GB 5400rpm 8MB Laptop HDD Hard Disk Notebook Driver SATA Serial ATA",osst-20101614092548,38,99
"Hitachi 2.5"" 120GB 5400rpm 8MB Laptop HDD Hard Disk Notebook Driver SATA Serial ATA",osst-20101614092549,38,99
"Fujitsu 2.5"" 100GB 5400rpm 8MB Laptop HDD Hard Disk Notebook Driver SATA Serial ATA",osst-20110315055449,38,99
"Fujitsu 2.5"" 120GB 5400rpm 8MB Laptop HDD Hard Disk Notebook Driver SATA Serial ATA",osst-20110315055704,38,99
"Toshiba 2.5"" 100GB 5400rpm 8MB Laptop HDD Hard Disk Notebook Driver SATA Serial ATA",osst-20110317043154,38,99
"Toshiba 2.5"" 120GB 5400rpm 8MB Laptop HDD Hard Disk Notebook Driver SATA Serial ATA",osst-20110319015623,38,99
"Western Digital WD 2.5"" 100GB 5400rpm 8MB Laptop SATA Hard Disk Notebook Driver",osst-20110531134858,38,99
"Western Digital WD 2.5"" 120GB 5400rpm 8MB Laptop SATA Hard Disk Notebook Driver",osst-20110531135336,38,99
"New Toshiba 2.5"" 40GB 4200rpm 2MB Laptop PATA IDE HDD Hard Disk Drive 44pin Notebook",osst-20111028072261,38,99
"New Fujitsu 2.5"" 40GB 4200rpm 2MB Laptop PATA IDE HDD Hard Disk Drive 44pin Notebook",osst-20111028065747,38,99
"New Western Digital WD 2.5"" 40GB 5400rpm 8MB Laptop PATA IDE HDD Hard Disk Drive 44pin Notebook",osst-20111027093460,38,99
"New Samsung 2.5"" 40GB 5400rpm 8MB Laptop PATA IDE HDD Hard Disk Drive 44pin Notebook",osst-20111028072744,38,99
"New Seagate 2.5"" 40GB 4200rpm 2MB Laptop PATA IDE HDD Hard Disk Drive 44pin Notebook",osst-20111028070920,38,99
"Western Digital WD 2.5"" 100GB 5400rpm 8MB Laptop SATA Hard Disk Notebook Driver",osst-20111031103356,38,99
"Samsung 2.5"" 80GB 5400rpm 8MB Laptop PATA IDE HDD HardDisk 44pin Notebook Driver",osst-20101213092454,42,99
"Samsung 2.5"" 160GB 5400rpm 8MB Laptop HDD Hard Disk Notebook Driver SATA Serial ATA",osst-20101213092462,42,9
"Seagate 2.5"" 80GB 4200rpm 2MB Laptop PATA IDE HDD HardDisk 44pin Notebook Driver",osst-20101214092478,42,99
"Seagate 2.5"" 80GB 2MB ST980829A 4200rpm Laptop PATA IDE HDD HardDisk 44pin Notebook Driver",osst-20101214092481,42,99
"Seagate 2.5"" 80GB 8MB ST9808211A 5400rpm Laptop PATA IDE HDD HardDisk 44pin Notebook Driver ",osst-20101214092482,42,99
"Seagate 2.5"" 80GB 5400rpm Laptop PATA IDE HDD HardDisk 44pin Notebook Driver ",osst-20101214092483,42,99
"Seagate 2.5"" 160GB 5400rpm 8MB Laptop HDD Hard Disk Notebook Driver SATA Serial ATA",osst-20101214092495,42,99
"Toshiba 2.5"" 80GB 4200rpm Laptop PATA IDE HDD HardDisk 44pin Notebook Driver",osst-20101614092512,42,99
"Toshiba 2.5"" 80GB 5400rpm Laptop PATA IDE HDD HardDisk 44pin Notebook Driver",osst-20101614092513,42,99
"IBM 2.5"" 80GB 4200rpm 2MB Laptop PATA IDE HDD HardDisk 44pin Notebook Driver",osst-20101614092536,42,99
"Hitachi 2.5"" 80GB 4200rpm 2MB Laptop PATA IDE HDD HardDisk 44pin Notebook Driver",osst-20101614092541,42,99
"Hitachi 2.5"" 160GB 5400rpm 8MB Laptop HDD Hard Disk Notebook Driver SATA Serial ATA",osst-20101614092550,42,9
"Fujitsu 2.5"" 80GB 4200rpm 2MB Laptop PATA IDE HDD HardDisk 44pin Notebook Driver",osst-20101614092560,42,99
"Fujitsu 2.5"" 160GB 5400rpm 8MB Laptop HDD Hard Disk Notebook Driver SATA Serial ATA",osst-20110315055932,42,59
"Hitachi 2.5"" 80GB 5400rpm 8MB Laptop PATA IDE HDD HardDisk 44pin Notebook Driver",osst-20110316062702,42,99
"Toshiba 2.5"" 160GB 5400rpm 8MB Laptop HDD Hard Disk Notebook Driver SATA Serial ATA",osst-20110319015902,42,9
"Western Digital WD 2.5"" 80GB 5400rpm 8MB Laptop PATA IDE HDD HardDisk 44pin Notebook Driver",osst-20110319021855,42,99
"Western Digital WD 2.5"" 160GB 5400rpm 8MB Laptop SATA Hard Disk Notebook Driver",osst-20110531135557,42,99
"Seagate  2.5"" 60GB 7200rpm 8MB Laptop SATA Hard Disk Notebook Driver",osst-20110615054728,42,99
"Samsung 2.5"" 200GB 5400ram 8MB Laptop HDD Hard Disk Notebook Driver SATA Serial ATA",osst-20101213092463,45,99
"Samsung 2.5"" 250GB 5400ram 8MB Laptop HDD Hard Disk Notebook Driver SATA Serial ATA",osst-20101213092464,45,99
"Seagate 2.5"" 200GB 5400rpm 8MB Laptop HDD Hard Disk Notebook Driver SATA Serial ATA",osst-20101214092496,45,99
"Seagate 2.5"" 250GB 5400rpm 8MB Laptop HDD Hard Disk Notebook Driver SATA Serial ATA",osst-20101214092497,45,99
"Seagate 2.5"" 80GB 7200rpm 8MB ST980825AS R Laptop HDD Hard Disk SATA Notebook Driver",osst-20101214092498,45,99
"Hitachi 2.5"" 200GB 5400rpm 8MB Laptop HDD Hard Disk Notebook Driver SATA Serial ATA",osst-20101614092551,45,99
"Hitachi 2.5"" 250GB 5400rpm 8MB Laptop HDD Hard Disk Notebook Driver SATA Serial ATA",osst-20101614092552,45,99
"Fujitsu 2.5"" 200GB 5400rpm 8MB Laptop HDD Hard Disk Notebook Driver SATA Serial ATA",osst-20110315060434,45,91
"Fujitsu 2.5"" 250GB 5400rpm 8MB Laptop HDD Hard Disk Notebook Driver SATA Serial ATA",osst-20110315060644,45,99
"Toshiba 2.5"" 200GB 5400rpm 8MB Laptop HDD Hard Disk Notebook Driver SATA Serial ATA",osst-20110319020033,45,99
"Toshiba 2.5"" 250GB 5400rpm 8MB Laptop HDD Hard Disk Notebook Driver SATA Serial ATA",osst-20110319020240,45,99
"Western Digital WD 2.5"" 250GB 5400rpm 8MB Laptop SATA Hard Disk Notebook Driver",osst-20110531163729,45,99
"New Toshiba 2.5"" 60GB 4200rpm 2MB Laptop PATA IDE HDD Hard Disk Drive 44pin Notebook",osst-20111028072262,45,99
"New Fujitsu 2.5"" 60GB 4200rpm 2MB Laptop PATA IDE HDD Hard Disk Drive 44pin Notebook",osst-20111028065748,45,99
"New Western Digital WD 2.5"" 60GB 5400rpm 8MB Laptop PATA IDE HDD Hard Disk Drive 44pin Notebook",osst-20111027093459,45,99
"New Samsung 2.5"" 60GB 5400rpm 8MB Laptop PATA IDE HDD Hard Disk Drive 44pin Notebook",osst-20111028072745,45,99
"New Seagate 2.5"" 60GB 4200rpm 2MB Laptop PATA IDE HDD Hard Disk Drive 44pin Notebook",osst-20111028070921,45,99
"Fujitsu 2.5"" 320GB 5400rpm 8MB Laptop HDD Hard Disk Notebook Driver SATA Serial ATA",osst-20110315060841,48,99
"Hitachi 2.5"" 320GB 5400rpm 8MB Laptop HDD Hard Disk Notebook Driver SATA Serial ATA",osst-20110316014130,48,98
"Toshiba 2.5"" 320GB 5400rpm 8MB Laptop HDD Hard Disk Notebook Driver SATA Serial ATA",osst-20110319020957,48,99
"Seagate 2.5"" 320GB 5400rpm 8MB Laptop HDD Hard Disk Notebook Driver SATA Serial ATA",osst-20110319024856,48,99
"Samsung 2.5"" 320GB 5400rpm 8MB Laptop HDD Hard Disk Notebook Driver SATA Serial ATA",osst-20110319031021,48,99
"Western Digital WD 2.5"" 320GB 5400rpm 8MB Laptop SATA Hard Disk Notebook Driver",osst-20110531163942,48,99
"Seagate 2.5"" 100GB 4200rpm Laptop PATA IDE HDD HardDisk 44pin Notebook Driver",osst-20101214092479,55,98
"Seagate 2.5"" 120GB 4200rpm Laptop PATA IDE HDD HardDisk 44pin Notebook Driver",osst-20101214092480,55,99
"Seagate 2.5"" 100GB 5400rpm Laptop PATA IDE HDD HardDisk 44pin Notebook Driver ",osst-20101214092484,55,99
"Seagate 2.5"" 120GB 5400rpm Laptop PATA IDE HDD HardDisk 44pin Notebook Driver ",osst-20101214092485,55,98
"Fujitsu 2.5"" 100GB 4200rpm 2MB Laptop PATA IDE HDD HardDisk 44pin Notebook Driver",osst-20110315032110,55,99
"Fujitsu 2.5"" 120GB 4200rpm 2MB Laptop PATA IDE HDD HardDisk 44pin Notebook Driver",osst-20110315041311,55,99
"Fujitsu 2.5"" 100GB 5400rpm 8MB Laptop PATA IDE HDD HardDisk 44pin Notebook Driver",osst-20110315041738,55,99
"Fujitsu 2.5"" 120GB 5400rpm 8MB Laptop PATA IDE HDD HardDisk 44pin Notebook Driver",osst-20110315042521,55,98
"Hitachi 2.5"" 100GB 4200rpm 2MB Laptop PATA IDE HDD HardDisk 44pin Notebook Driver",osst-20110316015758,55,99
"Hitachi 2.5"" 120GB 4200rpm 2MB Laptop PATA IDE HDD HardDisk 44pin Notebook Driver",osst-20110316020028,55,99
"Hitachi 2.5"" 100GB 5400rpm 8MB Laptop PATA IDE HDD HardDisk 44pin Notebook Driver",osst-20110316063047,55,99
"Hitachi 2.5"" 120GB 5400rpm 8MB Laptop PATA IDE HDD HardDisk 44pin Notebook Driver",osst-20110316063232,55,99
"Toshiba 2.5"" 100GB 4200rpm Laptop PATA IDE HDD HardDisk 44pin Notebook Driver",osst-20110317023151,55,99
"Toshiba 2.5"" 120GB 4200rpm Laptop PATA IDE HDD HardDisk 44pin Notebook Driver",osst-20110317023720,55,97
"Toshiba 2.5"" 100GB 5400rpm Laptop PATA IDE HDD HardDisk 44pin Notebook Driver",osst-20110317024031,55,99
"Toshiba 2.5"" 120GB 5400rpm Laptop PATA IDE HDD HardDisk 44pin Notebook Driver",osst-20110317024308,55,99
"Western Digital WD 2.5"" 100GB 5400rpm 8MB Laptop PATA IDE HDD HardDisk 44pin Notebook Driver",osst-20110319022315,55,99
"Western Digital WD 2.5"" 120GB 5400rpm 8MB Laptop PATA IDE HDD HardDisk 44pin Notebook Driver",osst-20110319022517,55,99
"Samsung 2.5"" 100GB 5400rpm 8MB Laptop PATA IDE HDD HardDisk 44pin Notebook Driver",osst-20110319030300,55,88
"Samsung 2.5"" 120GB 5400rpm 8MB Laptop PATA IDE HDD HardDisk 44pin Notebook Driver",osst-20110319030650,55,99
"White Label  WD 2.5"" 100GB 5400rpm 8MB Laptop PATA IDE HardDisk 44pin Notebook Driver",osst-20110601103456,55,99
"White Label  WD 2.5"" 120GB 5400rpm 8MB Laptop PATA IDE HardDisk 44pin Notebook Driver",osst-20110601103906,55,99
"New Toshiba 2.5"" 80GB 4200rpm 2MB Laptop PATA IDE HDD Hard Disk Drive 44pin Notebook",osst-20111028072263,55,99
"New Fujitsu 2.5"" 80GB 4200rpm 2MB Laptop PATA IDE HDD Hard Disk Drive 44pin Notebook",osst-20111028065749,55,98
"New Western Digital WD 2.5"" 80GB 5400rpm 8MB Laptop PATA IDE HDD Hard Disk Drive 44pin Notebook",osst-20111027093458,55,99
"New Samsung 2.5"" 80GB 5400rpm 8MB Laptop PATA IDE HDD Hard Disk Drive 44pin Notebook",osst-20111028072746,55,99
"New Seagate 2.5"" 80GB 4200rpm 2MB Laptop PATA IDE HDD Hard Disk Drive 44pin Notebook",osst-20111028070922,55,99
"New Seagate 2.5"" 80GB 5400rpm 8MB Laptop PATA IDE HDD Hard Disk Drive 44pin Notebook",osst-20111028070925,55,98
"Fujitsu 2.5"" 400GB 5400rpm 8MB Laptop HDD Hard Disk Notebook Driver SATA Serial ATA",osst-20110315061050,58,99
"Fujitsu 2.5"" 500GB 5400rpm 8MB Laptop HDD Hard Disk Notebook Driver SATA Serial ATA",osst-20110315061312,58,99
"Hitachi 2.5"" 400GB 5400rpm 8MB Laptop HDD Hard Disk Notebook Driver SATA Serial ATA",osst-20110316014510,58,99
"Hitachi 2.5"" 500GB 5400rpm 8MB Laptop HDD Hard Disk Notebook Driver SATA Serial ATA",osst-20110316014955,58,99
"Toshiba 2.5"" 500GB 5400rpm 8MB Laptop HDD Hard Disk Notebook Driver SATA Serial ATA",osst-20110319020640,58,99
"Toshiba 2.5"" 400GB 5400rpm 8MB Laptop HDD Hard Disk Notebook Driver SATA Serial ATA",osst-20110319020813,58,99
"Seagate 2.5"" 400GB 5400rpm 8MB Laptop HDD Hard Disk Notebook Driver SATA Serial ATA",osst-20110319025052,58,74
"Seagate 2.5"" 500GB 5400rpm 8MB Laptop HDD Hard Disk Notebook Driver SATA Serial ATA",osst-20110319025247,58,99
"Samsung 2.5"" 400GB 5400rpm 8MB Laptop HDD Hard Disk Notebook Driver SATA Serial ATA",osst-20110319031301,58,99
"Samsung 2.5"" 500GB 5400rpm 8MB Laptop HDD Hard Disk Notebook Driver SATA Serial ATA",osst-20110319031435,58,99
"Western Digital WD 2.5"" 400GB 5400rpm 8MB Laptop SATA Hard Disk Notebook Driver",osst-20110601101146,58,99
"Western Digital WD 2.5"" 500GB 5400rpm 8MB Laptop SATA Hard Disk Notebook Driver",osst-20110601101503,58,99
"Hitachi 2.5"" 640GB 5400rpm 8MB Laptop HDD Hard Disk Notebook Driver SATA Serial ATA",osst-20110316015157,62,99
"Toshiba 2.5"" 640GB 5400rpm 8MB Laptop HDD Hard Disk Notebook Driver SATA Serial ATA",osst-20110319020438,62,99
"Seagate 2.5"" 640GB 5400rpm 8MB Laptop HDD Hard Disk Notebook Driver SATA Serial ATA",osst-20110319025422,62,99
"Samsung 2.5"" 640GB 5400rpm 8MB Laptop HDD Hard Disk Notebook Driver SATA Serial ATA",osst-20110319031601,62,99
"Western Digital WD 2.5"" 640GB 5400rpm 8MB Laptop SATA Hard Disk Notebook Driver",osst-20110601101713,62,99
"Seagate 2.5"" 160GB 5400rpm Laptop PATA IDE HDD HardDisk 44pin Notebook Driver ",osst-20101214092486,65,99
"Fujitsu 2.5"" 160GB 5400rpm 8MB Laptop PATA IDE HDD HardDisk 44pin Notebook Driver",osst-20110315042658,65,0
"Hitachi 2.5"" 160GB 5400rpm 8MB Laptop PATA IDE HDD HardDisk 44pin Notebook Driver",osst-20110316063404,65,9
"Toshiba 2.5"" 160GB 5400rpm Laptop PATA IDE HDD HardDisk 44pin Notebook Driver",osst-20110317024013,65,9
"Samsung 2.5"" 160GB 5400rpm 8MB Laptop PATA IDE HDD HardDisk 44pin Notebook Driver",osst-20110319030455,65,9
"White Label  WD 2.5"" 160GB 5400rpm 8MB Laptop PATA IDE HardDisk 44pin Notebook Driver",osst-20111027093259,65,99
"New Fujitsu 2.5"" 100GB 4200rpm 2MB Laptop PATA IDE HDD Hard Disk Drive 44pin Notebook",osst-20111028065750,68,99
"Western Digital WD 2.5"" 160GB 5400rpm 8MB Laptop PATA IDE HDD HardDisk 44pin Notebook Driver",osst-20121022081911,65,99
"Hitachi 2.5"" 750GB 5400rpm 8MB Laptop HDD Hard Disk Notebook Driver SATA Serial ATA",osst-20110316015446,68,99
"Seagate 2.5"" 750GB 5400rpm 8MB Laptop HDD Hard Disk Notebook Driver SATA Serial ATA",osst-20110319025600,68,99
"Samsung 2.5"" 750GB 5400rpm 8MB Laptop HDD Hard Disk Notebook Driver SATA Serial ATA",osst-20110319031844,68,59
"New Toshiba 2.5"" 100GB 4200rpm 2MB Laptop PATA IDE HDD Hard Disk Drive 44pin Notebook",osst-20111028072264,68,99
"New Toshiba 2.5"" 120GB 4200rpm 2MB Laptop PATA IDE HDD Hard Disk Drive 44pin Notebook",osst-20111028072265,68,99
"New Fujitsu 2.5"" 120GB 4200rpm 2MB Laptop PATA IDE HDD Hard Disk Drive 44pin Notebook",osst-20111028065751,68,98
"New Western Digital WD 2.5"" 120GB 5400rpm 8MB Laptop PATA IDE HDD Hard Disk Drive 44pin Notebook",osst-20111027093456,68,99
"New Western Digital WD 2.5"" 100GB 5400rpm 8MB Laptop PATA IDE HDD Hard Disk Drive 44pin Notebook",osst-20111027093457,68,99
"New Samsung 2.5"" 100GB 5400rpm 8MB Laptop PATA IDE HDD Hard Disk Drive 44pin Notebook",osst-20111028072747,68,99
"New Samsung 2.5"" 120GB 5400rpm 8MB Laptop PATA IDE HDD Hard Disk Drive 44pin Notebook",osst-20111028072748,68,99
"New Seagate 2.5"" 100GB 4200rpm 2MB Laptop PATA IDE HDD Hard Disk Drive 44pin Notebook",osst-20111028070923,68,99
"New Seagate 2.5"" 120GB 4200rpm 2MB Laptop PATA IDE HDD Hard Disk Drive 44pin Notebook",osst-20111028070924,68,99
"New Seagate 2.5"" 100GB 5400rpm 8MB Laptop PATA IDE HDD Hard Disk Drive 44pin Notebook",osst-20111028070926,68,99
"New Seagate 2.5"" 120GB 5400rpm 8MB Laptop PATA IDE HDD Hard Disk Drive 44pin Notebook",osst-20111028070927,68,99
"New Seagate 2.5"" 500GB 5400 rpm 8MB SATA Laptop HDD Hard Disk Driver",osst-20130315041713,68,59
"New Hitachi 2.5"" 160GB 5400rpm 8MB Laptop PATA IDE HDD Hard Disk Drive 44pin Notebook",osst-20111028072002,78,9
"New Western Digital WD 2.5"" 160GB 5400rpm 8MB Laptop PATA IDE HDD Hard Disk Drive 44pin Notebook",osst-20111027093455,78,98
"New Samsung 2.5"" 160GB 5400rpm 8MB Laptop PATA IDE HDD Hard Disk Drive 44pin Notebook",osst-20111028072749,78,99
"New Seagate 2.5"" 160GB 5400rpm 8MB Laptop PATA IDE HDD Hard Disk Drive 44pin Notebook",osst-20111028070928,78,99
"Western Digital WD 2.5"" 250GB 5400rpm 8MB Laptop PATA IDE HDD HardDisk 44pin Notebook Driver",osst-20110319022636,85,99
"Samsung 2.5"" 1TB 5400rpm 8MB Laptop HDD Hard Disk Notebook Driver SATA Serial ATA",osst-20110319032441,85,99
"White Label  WD 2.5"" 250GB 5400rpm 8MB Laptop PATA IDE HardDisk 44pin Notebook Driver",osst-20110601104437,85,99
"Toshiba 2.5"" 320GB 5400rpm Laptop PATA IDE HDD HardDisk 44pin Notebook Driver",osst-20110317025102,98,99
"Western Digital WD 2.5"" 320GB 5400rpm 8MB Laptop PATA IDE HDD HardDisk 44pin Notebook Driver",osst-20110319022835,98,99
"New Western Digital WD 2.5"" 250GB 5400rpm 8MB Laptop PATA IDE HDD Hard Disk Drive 44pin Notebook",osst-20111027093454,98,96
"New Western Digital WD 2.5"" 320GB 5400rpm 8MB Laptop PATA IDE HDD Hard Disk Drive 44pin Notebook",osst-20111027093453,115,99
"WD Western Digital 3.5"" 2.5TB 5400 RPM 32MB SATA Hard Disk Driver Desktop PC",osst-20120321065109,135,59
"Seagate 3.5"" 2.5TB 5400 RPM 32MB SATA HDD Hard Disk Driver Desktop PC 22pin",osst-20120331094311,135,30
"Hitachi 3.5""2.5TB 5400 RPM 32MB SATA HDD Hard Disk Driver Desktop PC 22pin",osst-20120423091428,135,30
"WD Western Digital 3.5"" 2.5TB 7200 RPM 16MB SATA Hard Disk Driver Desktop PC",osst-20120321064927,145,59
"New WD Western Digital 3.5"" 2.5TB 5900 RPM 64MB SATA Hard Disk Driver Desktop PC",osst-20120322030317,145,59
"New Seagate 3.5"" 2.5TB 5900 RPM 64MB SATA HDD Hard Disk Driver Desktop PC 22pin",osst-20120331082439,145,30
"Seagate 3.5"" 2.5TB 7200 RPM 16MB SATA HDD Hard Disk Driver Desktop PC 22pin",osst-20120331094522,145,30
"New Hitachi 3.5"" 2.5TB 5900 RPM 64MB SATA HDD Hard Disk Driver Desktop PC",osst-20120423091401,150,30
"Hitachi 3.5"" 2.5TB 7200 RPM 16MB SATA HDD Hard Disk Driver Desktop PC 22pin",osst-20120423091429,145,30
"New WD Western Digital 3.5"" 2.5TB 7200 RPM 64MB or 32MB SATA Hard Disk Driver Desktop",osst-20120322030559,160,59
"New Seagate 3.5"" 2.5TB 7200 RPM 32MB or 64MB SATA  HDD Hard Disk Driver Desktop PC 22pin",osst-20120331082739,160,30
"New Hitachi 3.5"" 2.5TB 7200 RPM 32MB or 64MB SATA HDD Hard Disk Driver Desktop PC",osst-20120423091402,160,30
