sku,weight,qty,price,model_number,name,meta_description,meta_keyword,meta_title
osst-20120715012573,451,59,78,B121EW01,"New A+ AUO AU Optronics 12.1"" LCD CCFL Display Screen Panel B121EW01 V.0 V.1 V.2 V.3 V.4 V.5","New A+ AUO AU Optronics 12.1"" LCD CCFL Display Screen Panel B121EW01 V.0 V.1 V.2 V.3 V.4 V.5","New A+ AUO AU Optronics 12.1"" LCD CCFL Display Screen Panel B121EW01 V.0 V.1 V.2 V.3 V.4 V.5","New A+ AUO AU Optronics 12.1"" LCD CCFL Display Screen Panel B121EW01 V.0 V.1 V.2 V.3 V.4 V.5"
osst-20120715012575,451,59,78,B121EW02,"New A+ AUO AU Optronics 12.1"" LCD Display Screen Panel B121EW02 V.0 V.1","New A+ AUO AU Optronics 12.1"" LCD Display Screen Panel B121EW02 V.0 V.1","New A+ AUO AU Optronics 12.1"" LCD Display Screen Panel B121EW02 V.0 V.1","New A+ AUO AU Optronics 12.1"" LCD Display Screen Panel B121EW02 V.0 V.1"
osst-20120715012577,451,59,78,B121EW03,"New A+ AUO AU Optronics 12.1"" LCD Display Screen Panel B121EW03 V.0 V.1 V.2 V.3 V.4 V.5 V.6 V.7 V.8 V.9","New A+ AUO AU Optronics 12.1"" LCD Display Screen Panel B121EW03 V.0 V.1 V.2 V.3 V.4 V.5 V.6 V.7 V.8 V.9","New A+ AUO AU Optronics 12.1"" LCD Display Screen Panel B121EW03 V.0 V.1 V.2 V.3 V.4 V.5 V.6 V.7 V.8 V.9","New A+ AUO AU Optronics 12.1"" LCD Display Screen Panel B121EW03 V.0 V.1 V.2 V.3 V.4 V.5 V.6 V.7 V.8 V.9"
osst-20120715012579,451,59,78,B121EW04,"New A+ AUO AU Optronics 12.1"" LCD LED Display Screen Panel B121EW04 V.0 V.1 V.2 V.3 V.4","New A+ AUO AU Optronics 12.1"" LCD LED Display Screen Panel B121EW04 V.0 V.1 V.2 V.3 V.4","New A+ AUO AU Optronics 12.1"" LCD LED Display Screen Panel B121EW04 V.0 V.1 V.2 V.3 V.4","New A+ AUO AU Optronics 12.1"" LCD LED Display Screen Panel B121EW04 V.0 V.1 V.2 V.3 V.4"
osst-20120715012581,451,59,78,B121EW05,"New A+ AUO AU Optronics 12.1"" LCD CCFL Display Screen Panel B121EW05 V.0 V.1 V.2 V.3 V.4 V.5 V.6","New A+ AUO AU Optronics 12.1"" LCD CCFL Display Screen Panel B121EW05 V.0 V.1 V.2 V.3 V.4 V.5 V.6","New A+ AUO AU Optronics 12.1"" LCD CCFL Display Screen Panel B121EW05 V.0 V.1 V.2 V.3 V.4 V.5 V.6","New A+ AUO AU Optronics 12.1"" LCD CCFL Display Screen Panel B121EW05 V.0 V.1 V.2 V.3 V.4 V.5 V.6"
osst-20120715012583,451,59,88,B121EW06,"New A+ AUO AU Optronics 12.1"" LCD CCFL Display Screen Panel B121EW06 V.0 V.1 ","New A+ AUO AU Optronics 12.1"" LCD CCFL Display Screen Panel B121EW06 V.0 V.1 ","New A+ AUO AU Optronics 12.1"" LCD CCFL Display Screen Panel B121EW06 V.0 V.1 ","New A+ AUO AU Optronics 12.1"" LCD CCFL Display Screen Panel B121EW06 V.0 V.1 "
osst-20120715012585,451,59,78,B121EW07,"New A+ AUO AU Optronics 12.1"" LCD LED Display Screen Panel B121EW07 V.0 V.1 ","New A+ AUO AU Optronics 12.1"" LCD LED Display Screen Panel B121EW07 V.0 V.1 ","New A+ AUO AU Optronics 12.1"" LCD LED Display Screen Panel B121EW07 V.0 V.1 ","New A+ AUO AU Optronics 12.1"" LCD LED Display Screen Panel B121EW07 V.0 V.1 "
osst-20120715012587,451,59,78,B121EW08,"New A+ AUO AU Optronics 12.1"" LCD CCFL Display Screen Panel B121EW08 V.0 V.1 V.2 V.3","New A+ AUO AU Optronics 12.1"" LCD CCFL Display Screen Panel B121EW08 V.0 V.1 V.2 V.3","New A+ AUO AU Optronics 12.1"" LCD CCFL Display Screen Panel B121EW08 V.0 V.1 V.2 V.3","New A+ AUO AU Optronics 12.1"" LCD CCFL Display Screen Panel B121EW08 V.0 V.1 V.2 V.3"
osst-20120715012589,451,59,78,B121EW09,"New A+ AUO AU Optronics 12.1"" LCD LED Display Screen Panel B121EW09 V.0 V.1 V.2 V.3 V.4 V.5 V.6","New A+ AUO AU Optronics 12.1"" LCD LED Display Screen Panel B121EW09 V.0 V.1 V.2 V.3 V.4 V.5 V.6","New A+ AUO AU Optronics 12.1"" LCD LED Display Screen Panel B121EW09 V.0 V.1 V.2 V.3 V.4 V.5 V.6","New A+ AUO AU Optronics 12.1"" LCD LED Display Screen Panel B121EW09 V.0 V.1 V.2 V.3 V.4 V.5 V.6"
osst-20120715012591,451,59,78,B121EW10,"New A+ AUO AU Optronics 12.1"" LCD LED Display Screen Panel B121EW10 V.0 V.1 V.2 V.3","New A+ AUO AU Optronics 12.1"" LCD LED Display Screen Panel B121EW10 V.0 V.1 V.2 V.3","New A+ AUO AU Optronics 12.1"" LCD LED Display Screen Panel B121EW10 V.0 V.1 V.2 V.3","New A+ AUO AU Optronics 12.1"" LCD LED Display Screen Panel B121EW10 V.0 V.1 V.2 V.3"
osst-20120715012593,451,59,225,B121EW13,"New A+ AUO AU Optronics 12.1"" LCD LED Display Screen Panel B121EW13 V.0 V.1","New A+ AUO AU Optronics 12.1"" LCD LED Display Screen Panel B121EW13 V.0 V.1","New A+ AUO AU Optronics 12.1"" LCD LED Display Screen Panel B121EW13 V.0 V.1","New A+ AUO AU Optronics 12.1"" LCD LED Display Screen Panel B121EW13 V.0 V.1"
osst-20120715012631,451,59,78,LP121WX1,"New A+ LG Philips 12.1"" LCD CCFL Display Screen Panel LP121WX1 TLA1 TLA2","New A+ LG Philips 12.1"" LCD CCFL Display Screen Panel LP121WX1 TLA1 TLA2","New A+ LG Philips 12.1"" LCD CCFL Display Screen Panel LP121WX1 TLA1 TLA2","New A+ LG Philips 12.1"" LCD CCFL Display Screen Panel LP121WX1 TLA1 TLA2"
osst-20120715012633,451,59,95,LP121WX2,"New A+ LG Philips 12.1"" LCD Display Screen Panel LP121WX2 TLA1 TLA2","New A+ LG Philips 12.1"" LCD Display Screen Panel LP121WX2 TLA1 TLA2","New A+ LG Philips 12.1"" LCD Display Screen Panel LP121WX2 TLA1 TLA2","New A+ LG Philips 12.1"" LCD Display Screen Panel LP121WX2 TLA1 TLA2"
osst-20120715012635,451,59,78,LP121WX3,"New A+ LG Philips 12.1"" LCD LED Display Screen Panel LP121WX3-TPB1 TLA1 TLA2 TLB1 TLC1","New A+ LG Philips 12.1"" LCD LED Display Screen Panel LP121WX3-TPB1 TLA1 TLA2 TLB1 TLC1","New A+ LG Philips 12.1"" LCD LED Display Screen Panel LP121WX3-TPB1 TLA1 TLA2 TLB1 TLC1","New A+ LG Philips 12.1"" LCD LED Display Screen Panel LP121WX3-TPB1 TLA1 TLA2 TLB1 TLC1"
osst-20120715012637,451,59,95,LP121WX4,"New A+ LG Philips 12.1"" LCD LED Display Screen Panel LP121WX4-TLA1","New A+ LG Philips 12.1"" LCD LED Display Screen Panel LP121WX4-TLA1","New A+ LG Philips 12.1"" LCD LED Display Screen Panel LP121WX4-TLA1","New A+ LG Philips 12.1"" LCD LED Display Screen Panel LP121WX4-TLA1"
osst-20120715012639,451,59,88,LTD121EW3D,"New A+ Toshiba 12.1"" LCD CCFL Display Screen Panel LTD121EW3D 1280*800","New A+ Toshiba 12.1"" LCD CCFL Display Screen Panel LTD121EW3D 1280*800","New A+ Toshiba 12.1"" LCD CCFL Display Screen Panel LTD121EW3D 1280*800","New A+ Toshiba 12.1"" LCD CCFL Display Screen Panel LTD121EW3D 1280*800"
osst-20120715012641,451,0,99,LTD121EW5S,"New A+ Toshiba 12.1"" LCD Display Screen Panel LTD121EW5S 1280*800","New A+ Toshiba 12.1"" LCD Display Screen Panel LTD121EW5S 1280*800","New A+ Toshiba 12.1"" LCD Display Screen Panel LTD121EW5S 1280*800","New A+ Toshiba 12.1"" LCD Display Screen Panel LTD121EW5S 1280*800"
osst-20120715012643,451,59,135,LTD121EW6S,"New A+ Toshiba 12.1"" LCD LED Display Screen Panel LTD121EW6S 1280*800","New A+ Toshiba 12.1"" LCD LED Display Screen Panel LTD121EW6S 1280*800","New A+ Toshiba 12.1"" LCD LED Display Screen Panel LTD121EW6S 1280*800","New A+ Toshiba 12.1"" LCD LED Display Screen Panel LTD121EW6S 1280*800"
osst-20120715012645,451,59,88,LTD121EW7V,"New A+ Toshiba 12.1"" LCD LED Display Screen Panel LTD121EW7V 1280*800","New A+ Toshiba 12.1"" LCD LED Display Screen Panel LTD121EW7V 1280*800","New A+ Toshiba 12.1"" LCD LED Display Screen Panel LTD121EW7V 1280*800","New A+ Toshiba 12.1"" LCD LED Display Screen Panel LTD121EW7V 1280*800"
osst-20120715012647,451,59,130,LTD121EWEK,"New A+ Toshiba 12.1"" LCD LED Display Screen Panel LTD121EWEK 1280*800","New A+ Toshiba 12.1"" LCD LED Display Screen Panel LTD121EWEK 1280*800","New A+ Toshiba 12.1"" LCD LED Display Screen Panel LTD121EWEK 1280*800","New A+ Toshiba 12.1"" LCD LED Display Screen Panel LTD121EWEK 1280*800"
osst-20120715012649,451,0,99,LTD121EWES,"New A+ Toshiba 12.1"" LCD Display Screen Panel LTD121EWES 1280*800","New A+ Toshiba 12.1"" LCD Display Screen Panel LTD121EWES 1280*800","New A+ Toshiba 12.1"" LCD Display Screen Panel LTD121EWES 1280*800","New A+ Toshiba 12.1"" LCD Display Screen Panel LTD121EWES 1280*800"
osst-20120715012651,451,59,115,LTD121EWPF LTD121EWRF,"New A+ Toshiba 12.1"" LCD LED Display Screen Panel LTD121EWPF LTD121EWRF","New A+ Toshiba 12.1"" LCD LED Display Screen Panel LTD121EWPF LTD121EWRF","New A+ Toshiba 12.1"" LCD LED Display Screen Panel LTD121EWPF LTD121EWRF","New A+ Toshiba 12.1"" LCD LED Display Screen Panel LTD121EWPF LTD121EWRF"
osst-20120715012655,451,58,140,LTD121EWUD,"New A+ Toshiba 12.1"" LCD LED Display Screen Panel LTD121EWUD 1280*800","New A+ Toshiba 12.1"" LCD LED Display Screen Panel LTD121EWUD 1280*800","New A+ Toshiba 12.1"" LCD LED Display Screen Panel LTD121EWUD 1280*800","New A+ Toshiba 12.1"" LCD LED Display Screen Panel LTD121EWUD 1280*800"
osst-20120715012653,451,59,88,LTD121EWVB,"New A+ Toshiba 12.1"" LCD CCFL Display Screen Panel LTD121EWVB 1280*800","New A+ Toshiba 12.1"" LCD CCFL Display Screen Panel LTD121EWVB 1280*800","New A+ Toshiba 12.1"" LCD CCFL Display Screen Panel LTD121EWVB 1280*800","New A+ Toshiba 12.1"" LCD CCFL Display Screen Panel LTD121EWVB 1280*800"
osst-20120715012613,451,59,135,LTN121AP01,"New A+ Samsung 12.1"" LCD Display Screen Panel LTN121AP01 1280*800 ","New A+ Samsung 12.1"" LCD Display Screen Panel LTN121AP01 1280*800 ","New A+ Samsung 12.1"" LCD Display Screen Panel LTN121AP01 1280*800 ","New A+ Samsung 12.1"" LCD Display Screen Panel LTN121AP01 1280*800 "
osst-20120715012615,451,59,115,LTN121AP02,"New A+ Samsung 12.1"" LCD Display Screen Panel LTN121AP02-001 1280*800 ","New A+ Samsung 12.1"" LCD Display Screen Panel LTN121AP02-001 1280*800 ","New A+ Samsung 12.1"" LCD Display Screen Panel LTN121AP02-001 1280*800 ","New A+ Samsung 12.1"" LCD Display Screen Panel LTN121AP02-001 1280*800 "
osst-20120715012617,451,59,115,LTN121AP03,"New A+ Samsung 12.1"" LCD LED Display Screen Panel LTN121AP03 001 002 1280*800 ","New A+ Samsung 12.1"" LCD LED Display Screen Panel LTN121AP03 001 002 1280*800 ","New A+ Samsung 12.1"" LCD LED Display Screen Panel LTN121AP03 001 002 1280*800 ","New A+ Samsung 12.1"" LCD LED Display Screen Panel LTN121AP03 001 002 1280*800 "
osst-20120715012619,451,59,215,LTN121AP04,"New A+ Samsung 12.1"" LCD LED Display Screen Panel LTN121AP04 1280*800 ","New A+ Samsung 12.1"" LCD LED Display Screen Panel LTN121AP04 1280*800 ","New A+ Samsung 12.1"" LCD LED Display Screen Panel LTN121AP04 1280*800 ","New A+ Samsung 12.1"" LCD LED Display Screen Panel LTN121AP04 1280*800 "
osst-20120715012621,451,59,88,LTN121AP05 ,"New A+ Samsung 12.1"" LCD LED Display Screen Panel LTN121AP05 001 301 302","New A+ Samsung 12.1"" LCD LED Display Screen Panel LTN121AP05 001 301 302","New A+ Samsung 12.1"" LCD LED Display Screen Panel LTN121AP05 001 301 302","New A+ Samsung 12.1"" LCD LED Display Screen Panel LTN121AP05 001 301 302"
osst-20120715012623,451,59,95,LTN121AP06,"New A+ Samsung 12.1"" LCD LED Display Screen Panel LTN121AP06 1280*800","New A+ Samsung 12.1"" LCD LED Display Screen Panel LTN121AP06 1280*800","New A+ Samsung 12.1"" LCD LED Display Screen Panel LTN121AP06 1280*800","New A+ Samsung 12.1"" LCD LED Display Screen Panel LTN121AP06 1280*800"
osst-20120715012595,451,59,78,LTN121AT01,"New A+ Samsung 12.1"" LCD Display Screen Panel LTN121AT01 001 002 100 G01","New A+ Samsung 12.1"" LCD Display Screen Panel LTN121AT01 001 002 100 G01","New A+ Samsung 12.1"" LCD Display Screen Panel LTN121AT01 001 002 100 G01","New A+ Samsung 12.1"" LCD Display Screen Panel LTN121AT01 001 002 100 G01"
osst-20120715012597,451,59,78,LTN121AT02,"New A+ Samsung 12.1"" LCD CCFL Display Screen Panel LTN121AT02-001","New A+ Samsung 12.1"" LCD CCFL Display Screen Panel LTN121AT02-001","New A+ Samsung 12.1"" LCD CCFL Display Screen Panel LTN121AT02-001","New A+ Samsung 12.1"" LCD CCFL Display Screen Panel LTN121AT02-001"
osst-20120715012599,451,59,78,LTN121AT03,"New A+ Samsung 12.1"" LCD CCFL Display Screen Panel LTN121AT03 001 G01","New A+ Samsung 12.1"" LCD CCFL Display Screen Panel LTN121AT03 001 G01","New A+ Samsung 12.1"" LCD CCFL Display Screen Panel LTN121AT03 001 G01","New A+ Samsung 12.1"" LCD CCFL Display Screen Panel LTN121AT03 001 G01"
osst-20120715012601,451,59,130,LTN121AT04,"New A+ Samsung 12.1"" LCD LED Display Screen Panel LTN121AT04-001","New A+ Samsung 12.1"" LCD LED Display Screen Panel LTN121AT04-001","New A+ Samsung 12.1"" LCD LED Display Screen Panel LTN121AT04-001","New A+ Samsung 12.1"" LCD LED Display Screen Panel LTN121AT04-001"
osst-20120715012603,451,59,78,LTN121AT05,"New A+ Samsung 12.1"" LCD CCFL Display Screen Panel LTN121AT05-G01","New A+ Samsung 12.1"" LCD CCFL Display Screen Panel LTN121AT05-G01","New A+ Samsung 12.1"" LCD CCFL Display Screen Panel LTN121AT05-G01","New A+ Samsung 12.1"" LCD CCFL Display Screen Panel LTN121AT05-G01"
osst-20120715012605,451,59,78,LTN121AT06,"New A+ Samsung 12.1"" LCD LED Display Screen Panel LTN121AT06-G01","New A+ Samsung 12.1"" LCD LED Display Screen Panel LTN121AT06-G01","New A+ Samsung 12.1"" LCD LED Display Screen Panel LTN121AT06-G01","New A+ Samsung 12.1"" LCD LED Display Screen Panel LTN121AT06-G01"
osst-20120715012607,451,59,78,LTN121AT07,"New A+ Samsung 12.1"" LCD LED Display Screen Panel LTN121AT07 L01 L02","New A+ Samsung 12.1"" LCD LED Display Screen Panel LTN121AT07 L01 L02","New A+ Samsung 12.1"" LCD LED Display Screen Panel LTN121AT07 L01 L02","New A+ Samsung 12.1"" LCD LED Display Screen Panel LTN121AT07 L01 L02"
osst-20120715012609,451,59,78,LTN121AT08,"New A+ Samsung 12.1"" LCD LED Display Screen Panel LTN121AT08 1280*800","New A+ Samsung 12.1"" LCD LED Display Screen Panel LTN121AT08 1280*800","New A+ Samsung 12.1"" LCD LED Display Screen Panel LTN121AT08 1280*800","New A+ Samsung 12.1"" LCD LED Display Screen Panel LTN121AT08 1280*800"
osst-20120715012611,451,59,95,LTN121AT09,"New A+ Samsung 12.1"" LCD LED Display Screen Panel LTN121AT09 H01 H02","New A+ Samsung 12.1"" LCD LED Display Screen Panel LTN121AT09 H01 H02","New A+ Samsung 12.1"" LCD LED Display Screen Panel LTN121AT09 H01 H02","New A+ Samsung 12.1"" LCD LED Display Screen Panel LTN121AT09 H01 H02"
osst-20120715012625,451,59,78,LTN121W1,"New A+ Samsung 12.1"" LCD Display Screen Panel LTN121W1 L01 L02 L03 L04","New A+ Samsung 12.1"" LCD Display Screen Panel LTN121W1 L01 L02 L03 L04","New A+ Samsung 12.1"" LCD Display Screen Panel LTN121W1 L01 L02 L03 L04","New A+ Samsung 12.1"" LCD Display Screen Panel LTN121W1 L01 L02 L03 L04"
osst-20120715012627,451,59,78,LTN121W3,"New A+ Samsung 12.1"" LCD LED Display Screen Panel LTN121W3 L01 L02 L03","New A+ Samsung 12.1"" LCD LED Display Screen Panel LTN121W3 L01 L02 L03","New A+ Samsung 12.1"" LCD LED Display Screen Panel LTN121W3 L01 L02 L03","New A+ Samsung 12.1"" LCD LED Display Screen Panel LTN121W3 L01 L02 L03"
osst-20120715012629,451,59,78,LTN121W4,"New A+ Samsung 12.1"" LCD LED Display Screen Panel LTN121W4-L01","New A+ Samsung 12.1"" LCD LED Display Screen Panel LTN121W4-L01","New A+ Samsung 12.1"" LCD LED Display Screen Panel LTN121W4-L01","New A+ Samsung 12.1"" LCD LED Display Screen Panel LTN121W4-L01"
osst-20120715012549,451,59,78,N121i1,"New A+ CMO CHIMEI 12.1"" LCD CCFL Display Screen Panel N121i1 L01 L02","New A+ CMO CHIMEI 12.1"" LCD CCFL Display Screen Panel N121i1 L01 L02","New A+ CMO CHIMEI 12.1"" LCD CCFL Display Screen Panel N121i1 L01 L02","New A+ CMO CHIMEI 12.1"" LCD CCFL Display Screen Panel N121i1 L01 L02"
osst-20120715012551,451,59,78,N121i2,"New A+ CMO CHIMEI 12.1"" LCD Display Screen Panel N121i2 L01 L02","New A+ CMO CHIMEI 12.1"" LCD Display Screen Panel N121i2 L01 L02","New A+ CMO CHIMEI 12.1"" LCD Display Screen Panel N121i2 L01 L02","New A+ CMO CHIMEI 12.1"" LCD Display Screen Panel N121i2 L01 L02"
osst-20120715012553,451,59,78,N121i3,"New A+ CMO CHIMEI 12.1"" LCD Display Screen Panel N121i3 L01 L02 L03 L04 L05 L06 L07 L08 L09 L0A L0B","New A+ CMO CHIMEI 12.1"" LCD Display Screen Panel N121i3 L01 L02 L03 L04 L05 L06 L07 L08 L09 L0A L0B","New A+ CMO CHIMEI 12.1"" LCD Display Screen Panel N121i3 L01 L02 L03 L04 L05 L06 L07 L08 L09 L0A L0B","New A+ CMO CHIMEI 12.1"" LCD Display Screen Panel N121i3 L01 L02 L03 L04 L05 L06 L07 L08 L09 L0A L0B"
osst-20120715012555,451,59,135,N121i5,"New A+ CMO CHIMEI 12.1"" LCD Display Screen Panel N121i5-L05","New A+ CMO CHIMEI 12.1"" LCD Display Screen Panel N121i5-L05","New A+ CMO CHIMEI 12.1"" LCD Display Screen Panel N121i5-L05","New A+ CMO CHIMEI 12.1"" LCD Display Screen Panel N121i5-L05"
osst-20120715012557,451,59,78,N121i6,"New A+ CMO CHIMEI 12.1"" LCD LED Display Screen Panel N121i6 L01 L02","New A+ CMO CHIMEI 12.1"" LCD LED Display Screen Panel N121i6 L01 L02","New A+ CMO CHIMEI 12.1"" LCD LED Display Screen Panel N121i6 L01 L02","New A+ CMO CHIMEI 12.1"" LCD LED Display Screen Panel N121i6 L01 L02"
osst-20120715012559,451,59,135,N121i7,"New A+ CMO CHIMEI 12.1"" LCD LED Display Screen Panel N121i7-L01","New A+ CMO CHIMEI 12.1"" LCD LED Display Screen Panel N121i7-L01","New A+ CMO CHIMEI 12.1"" LCD LED Display Screen Panel N121i7-L01","New A+ CMO CHIMEI 12.1"" LCD LED Display Screen Panel N121i7-L01"
osst-20120715012561,451,59,78,N121i9,"New A+ CMO CHIMEI 12.1"" LCD CCFL Display Screen Panel N121i9 L01 L02","New A+ CMO CHIMEI 12.1"" LCD CCFL Display Screen Panel N121i9 L01 L02","New A+ CMO CHIMEI 12.1"" LCD CCFL Display Screen Panel N121i9 L01 L02","New A+ CMO CHIMEI 12.1"" LCD CCFL Display Screen Panel N121i9 L01 L02"
osst-20120715012563,451,59,78,N121iA,"New A+ CMO CHIMEI 12.1"" LCD CCFL Display Screen Panel N121iA L01 L02 L03","New A+ CMO CHIMEI 12.1"" LCD CCFL Display Screen Panel N121iA L01 L02 L03","New A+ CMO CHIMEI 12.1"" LCD CCFL Display Screen Panel N121iA L01 L02 L03","New A+ CMO CHIMEI 12.1"" LCD CCFL Display Screen Panel N121iA L01 L02 L03"
