name,sku,price,qty,weight
1/3 Sony Sharp 650TVL 760H Waterproof Color CCD Camera 4~9mm Varifocal Lens 40m IR Distance 35Pcs LED For Night Vision,osst-20130509071351,65,30,1199
OSD Menu 1/3 Sharp Sony Eiffo-E 700TVL 960H Waterproof Color CCD Camera 4~9mm Varifocal Lens 40m IR Distance 35Pcs LED For Night Vision ,osst-20130510032249,78,30,1199
1/3 Sony Sharp 650TVL 760H Waterproof Color CCD Camera 4~9mm Varifocal Lens 30m IR Distance 24Pcs LED For Night Vision,osst-20130510033053,112,30,1151
1/3 Sony Eiffo-E 700TVL 960H Waterproof Color CCD Camera 4~9mm Varifocal Lens 30m IR Distance 24Pcs LED For Night Vision,osst-20130510092033,125,10,1151
1/3 Sharp 760H 650TVL Waterproof Color CCD Camera 2.8~12mm Varifocal Lens 50m IR Distance 4Pcs Array LED For Night Vision,osst-20130511015503,78,30,1499
OSD Menu 1/3 Sharp 760H 650TVL Waterproof Color CCD Camera 3.6 mm Lens 26Pcs LED 20m IR Distance,osst-20130511021923,52,30,899
1/3 Sony  650TVL 760H Waterproof Color CCD Camera 2.8~12mm Varifocal Lens 50m IR Distance 4Pcs Array LED For Night Vision,osst-20130511023909,82,30,1499
1/3 Sony 420TVL Waterproof Color CCD Camera 3.6 mm Lens 26Pcs LED 30m IR Distance Vision,osst-20130511030959,45,30,899
1/3 Sony 420TVL Waterproof IR Camera 4~9mm Varifocal Lens 36Pcs LED 40m IR Distance,osst-20130511032736,62,30,1151
OSD Menu 1/3 Sharp Sony 960H 700TVL Waterproof IR Camera 4~9mm Varifocal Lens 36Pcs LED 40m IR Distance,osst-20130511034048,68,30,501
1/3 Sharp 760H 650TVL Waterproof Color CCD Camera 3.6mm Lens 20Pcs LED 20m IR Distance,osst-20130511054529,42,30,299
"1/3 Sony 420TVL Waterproof IR Camera,3.6mm Lens,20Pcs LED,20m IR Distance",osst-20130511060303,35,30,851
1/3 Sony 650TVL Waterproof Color CCD Camera 4~9mm Varifocal Lens 30m IR Distance 36Pcs LED For Night Vision,osst-20130511070752,52,30,851
1/3 Sharp Sony Eiffo-E 700TVL Waterproof Color CCD Camera 4~9mm Varifocal Lens 30m IR Distance 36Pcs LED For Night Vision,osst-20130511074520,62,30,851
1/3 Sony 420TVL Waterproof Color CCD Camera 2.8~12mm Varifocal Lens 30m IR Distance 36Pcs LED For Night Vision,osst-20130511080938,55,30,1001
1/3 Sharp Sony Eiffo-E 960H 700TVL Waterproof IR Camera 2.8~12mm Varifocal Lens 30m IR Distance 36Pcs LED For Night Vision,osst-20130513020647,62,30,1001
1/3 Sony 420TVL Waterproof Color CCD Camera 3.6mm Lens 20Pcs LED 20m IR Distance,osst-20130513025013,38,30,501
1/3 Sharp 760H 650TVL Waterproof Color CCD Camera 3.6mm Lens 20Pcs LED 20m IR Distance,osst-20130513030435,45,30,501
1/3 Sony 650TVL Color CCD Waterproof Camera 4~9 mm Varifocal Lens 36Pcs LED For Night Vasion 30M IR Distance,osst-20130513073955,68,30,651
1/3 Sony 420TVL Color CCD Waterproof Camera 6mm Lens 36Pcs LED For Night Vasion 30M IR Distance,osst-20130513075642,35,30,651
1/3 Sony 420TVL Color CCD Waterproof Camera 6mm Lens 30Pcs LED For Night Vasion 30M IR Distance,osst-20130513081157,35,30,501
1/4 Sharp 420TVL Color CCD Waterproof Camera 6mm Lens 30Pcs LED For Night Vasion 30M IR Distance,osst-20130513082801,25,30,501
1/3 Sony  420TVL Color CCD Waterproof Camera.6mm Lens 2pcs Array LED 30M IR Distance,osst-20130513084245,42,60,501
1/3 Sony 420TVL Color CCD Waterproof Camera 6mm Lens 1pcs Array LED 40Meter IR Distance,osst-20130514015645,52,30,1001
1/3 Sony 480TVL Color CCD Waterproof Camera 6mm Lens 36Pcs LED 30M IR Distance,osst-20130514021245,38,30,1251
1/4 Sharp 420TVL Color CCD Waterproof Camera 6mm Lens 36Pcs LED 30M IR Distance,osst-20130514022916,25,30,501
1/3 Sony 600TVL Color CCD Waterproof Camera 6mm Lens 48Pcs LED 40M IR Distance,osst-20130514024859,42,30,651
1/3 Sony 600TVL Color CCD Waterproof Camera 6mm Lens 12Pcs LED 20M IR Distance,osst-20130514033724,42,30,499
1/3 Sony 700TVL Color CCD Waterproof Camera 6mm Lens 42PCS Led For Night Vasion 40M IR Distance,osst-20130514040107,48,30,1051
1/3 Sony  600TVL Outdoor IR Camera 6mm lens and Aluminum Alloy Housing 24IR LEDs For Night Vasion25M IR distance,osst-20130514054659,45,30,999
1/3 Sony 700TVL Color CCD Waterproof Camera 16mm Lens 2pcs Array LED 80Meter IR Distance,osst-20130514055604,52,30,851
1/3 Sony 700TVL Color CCD Waterproof Camera 6mm Lens 2pcs Array LED 20M IR Distance,osst-20130514062932,58,30,1151
1/3 Sony 600TVL Color CCD Waterproof Camera 6mm Lens 48Pcs LED 40M IR Distance,osst-20130514065356,42,30,1151
1/3 Sony Super HAD CCD 700TVL Color CCD Waterproof Camera.3.6mm Lens 1PCS Array LED 25M IR Distance,osst-20130514072606,35,30,751
1/3 Sony 600TVL Color CCD Waterproof Camera 6mm Lens 1pcs Array LED20Meter IR Distance,osst-20130514080218,48,30,751
1/3 Sony 700TVL Color CCD Waterproof Camera 16mm Lens 1pcs Array LED 60Meter IR Distance,osst-20130514081226,42,30,856
1/3 Sony Sharp 760H 650TVL Color CCD Dome Camera 4~9mm Varifocal Lens 17PCS IR LED 30M IR Distance,osst-20130515020339,55,30,599
"1/3 Sharp Sony Eiffo-E 700TVL Dome Camera 4~9mm Varifocal Lens, 17PCS IR LED,30M IR Distance",osst-20130515023237,62,30,599
1/3 Sony Sharp 760H 650TVL Color CCD Dome Camera 4~9mm Varifocal Lens 20M IR Distance,osst-20130515025936,55,30,899
1/3 Sharp And Sony Eiffo-E 960H 700TVL Color CCD Dome Camera 4~9mm Varifocal Lens 18Pcs IR Led 20M IR Distance,osst-20130515034808,62,30,899
1/3 Sony And Sharp 760H 650TVL Color CCD Dome Camera 4~9mm Varifocal Lens,osst-20130515082504,55,30,501
1/3 Sony Eiffo-E 700TVL Color CCD Dome Camera 4~9mm Varifocal Lens,osst-20130515084048,62,30,501
1/3 Sharp 760H  650TVL CCD IR Dome Camera 2.8~12mm Varifocal  Lens 17PCS IR LED 20M IR Distance,osst-20130515091435,72,30,1001
1/3 Sony Eiffo-E 960H 700TVL CCD IR Dome Camera 2.8~12mm Varifocal  Lens 17PCS IR LED 20M IR Distance,osst-20130515100307,78,30,1001
1/3 Sharp 700TVL CCD IR Dome Camera 3.6mm Lens 17PCS IR LED 20M IR Distance,osst-20130516023049,55,30,699
1/3 Sony 700TVL CCD IR Dome Camera 3.6mm Lens 17PCS IR LED 20M IR Distance,osst-20130516024746,62,30,699
1/3 Sharp And Sony 760H  650TVL CCD IR Dome Camera 4~9mm Varifocal Lens 17PCS IR LED 20M IR Distance,osst-20130516030716,72,60,1199
1/3 Sony Eiffo-E 960H 700TVL CCD IR Dome Camera 4~9mm Varifocal Lens 17PCS IR LED 20M IR Distance,osst-20130516033752,82,30,1199
1/3 Sharp And Sony 760H  650TVL CCD IR Dome Camera 3.6mm Lens 17PCS IR LED 20M IR Distance ,osst-20130516040202,52,60,599
1/3 Sony Eiffo-E 960H  700TVL CCD IR Dome Camera 3.6mm Lens 17PCS IR LED 20M IR Distance ,osst-20130516041231,58,30,599
1/3 Sharp And Sony 600TVL CCD IR Dome Camera 3.6mm Lens 4PCS IR LED 10M IR Distance,osst-20130516041941,58,30,299
"1/3 Sharp And Sony 600 TVL CCD IR Dome Camera 3.6mm Lens 4PCS IR LED, 10M IR Distance",osst-20130516043610,52,30,299
1/3 Sony 650TVL And Eiffo-E 700TVL CCD Dome Camera 3.6mm Lens 20Meters IR Range 20PCS LED For Night Vasion,osst-20130516054038,48,30,799
1/3 Sharp 650TVL And 700TVL CCD Dome Camera 3.6mm Lens 20Meters IR Range 20PCS LED For Night Vasion,osst-20130516055403,42,30,799
1/3 Sony 420TVL CCD Dome Camera 3.6mm Lens 20Meters IR Range 20PCS LED For Night Vasion,osst-20130516061114,35,30,799
1/3 Sharp And Sony 760H 650TVL CCD Dome Camera 4~9mm Varifocal Lens 30Meters IR Range 36PCS LED For Night Vasion ,osst-20130516061721,55,30,1299
1/3 Sony Eiffo-E 960H 700TVL CCD Dome Camera 4~9mm Varifocal Lens 30Meters IR Range 36PCS LED For Night Vasion ,osst-20130516062919,65,30,1299
1/3 Sony 420TVL CCD Dome Camera 4~9mm Varifocal Lens 30Meters IR Range 36PCS LED For Night Vasion ,osst-20130516063747,52,30,1299
1/3 Sharp And Sony 650TVL CCD Dome Camera 3.6mm Lens 30PCS LED For Night Vasion 30M IR Distance,osst-20130516075736,42,30,449
1/3 Sharp And Sony 760H 650TVL IR Dome Camera 3.6mm Lens,osst-20130516085611,38,30,349
1/3 Sony 420TVL IR Dome Camera 3.6mm Lens,osst-20130516091702,32,30,349
1/3 Sharp And Sony 760H 650TVL IR Dome Camera 3.6mm Lens,osst-20130516093300,35,30,349
1/3 Sony Color CCD 700TVL IR Dome Camera 22pcs LED for Night Vasion 6mm Lens 30M IR Distance,osst-20130516094953,35,30,501
1/3 Sharp Color CCD 420TVL IR Dome Camera 22pcs LED for Night Vasion 6mm Lens 30M IR Distance,osst-20130517021806,32,30,375
1/3 Sony 420TVL And 700TVL IR Dome Camera Built in Fixed 4m Lens 2pcs Array LED 30Meter IR Distance,osst-20130517040148,35,30,501
1/3 Sony And Sharp 420TVL IR Dome Camera 24pcs LED for Night Vasion 6mm Lens 15M IR Distance,osst-20130517041717,25,30,599
1/3 Sony 420TVL And 700TVL IR Dome Camera Built in Fixed 3.6m Lens 1pcs Array LED 20M IR Distance,osst-20130517055229,35,30,599
1/3 Sony 600TVL Dome Camera Built in Fixed 6mm Lens 18PCS LED 25M IR Distance,osst-20130517061319,25,30,699
1/3 Sony CCD 540TVL IR Dome Camera Built In Fixed 6mm Lens 3PCS Array LED 30M IR Distance,osst-20130517064426,32,30,501
1/3 Sony CCD 420TVL IR Dome Camera 10pcs LED for Night Vasion 6mm Lens 10M IR Distance,osst-20130517072616,32,30,449
1/3 Sony CCD 420TVL IR Dome Camera 3.6 mm Lens 1pcs Array LED 20M IR Distance,osst-20130517073454,52,30,449
New Arrivals! OSD Menu 1/3 Sony 760H 650TVL Waterproof Color CCD Camera 4~9mm Varifocal Lens 40m IR Distance 36Pcs LED For Night Vision,osst-20130517090607,92,30,1099
New Arrivals! 1/3 Sony Eiffo-E 960H 700TVL Waterproof Color CCD Camera 4~9mm Varifocal Lens 40m IR Distance 36Pcs LED For Night Vision,osst-20130517093648,98,30,1099
New Arrivals! 1/3 Sony 760H 650TVL Waterproof Color CCD Camera 4~9mm Varifocal Lens 40m IR Distance 36Pcs LED For Night Vision,osst-20130517094236,88,30,1099
New Arrivals! 1/3 Sony 760H 650TVL Waterproof Color CCD Camera 2.8~12mm Varifocal Lens 30m IR Distance 20Pcs IR LED For Night Vision,osst-20130520020539,72,30,899
New Arrivals! 1/3 Sony 960H 700TVL Waterproof Color CCD Camera 2.8~12mm Varifocal Lens 30m IR Distance 20Pcs IR LED For Night Vision,osst-20130520024659,75,30,899
New Arrivals! 1/3 Sony Eiffo-E 960H 700TVL Waterproof Color CCD Camera 2.8~12mm Varifocal Lens 30m IR Distance 20Pcs IR LED For Night Vision,osst-20130520030707,78,30,899
300K Pixels Wireless Network IP Camera M-JPEG Image Compression Motion Detection Support WI-FI,osst-20130520033558,52,10,651
P2P Wireless PTZ Network IP Camera M-JPEG Motion Detection Night Vasion Support WIFI,osst-20130520035634,55,10,599
300K Pixels Wireless PTZ Network IP Camera M-JPEG Image Compression Support 32G TF Card Local Recording,osst-20130521015117,55,10,599
P2P Plug And Play 300K Pixels Wireless PTZ  Network IP Camera 2-Way Audio M-JPEG Image Compression Motion Detection Support WI-FI,osst-20130521063623,58,10,599
P2P Plug And Play 300K Pixels Wireless PTZ Network Camera 2-Way Audio M-JPEG Image Compression Motion Detection Support WI-FI,osst-20130521071145,58,10,651
P2P Plug And Play 300K Pixels Wireless  Network Camera 2-Way Audio M-JPEG Image Compression Motion Detection Support WI-FI,osst-20130521082224,75,10,1401
P2P HD Mega Pixels Wireless PTZ Network Camera 2-Way Audio IR-Cut H.264 Image Compression Support Wireless Network And TF Card Recording,osst-20130521084535,115,10,599
3X Optical Zoom Wireless PTZ IP Camera 2-Way Audio  IR-Cut M-JPEG Image Compression,osst-20130521093932,102,10,651
720P Wireless PTZ Network Camera 2-Way Audio IR-Cut H.264 Image Compression Support Wireless Network And TF Card Recording,osst-20130522013643,112,10,599
720P HD P2P Plug and Play Wireless PTZ Network Cameras IR-Cut H.264 Image Compression Support 32G TF Card,osst-20130522022547,99.99,10,899
3X Optical Zoom P2P Wireless PTZ IP Camera 720P H.264 Image Compression IR-Cut Support Wireless Network And TF Card Recording,osst-20130522030425,130,10,651
WDR 720P Wireless IP Camera H.264 Motion Detection Support WI-FI OSD Night Vasion 30M IR Distance,osst-20130522035645,150,10,1251
2.0 Megapixel  Wireless IP Camera H.264 Motion Detection Support WI-FI OSD Night Vasion 40M IRDistance,osst-20130522054318,180,10,1799
720P WDR Wireless IP Camera 2-Way Audio H.264 Image Compression Motion Detection Support WI-FI,osst-20130522063527,195,10,1651
300K Pixels Indoor Network IP Camera M-JPEG Image Compression Motion Detection Support WIFI,osst-20130522070554,52,10,651
P2P Plug And Play 300K Pixels Indoor Network Camera  M-JPEG Image Compression Motion Detection Support WI-FI,osst-20130522071854,55,10,751
2.0 Megapixel Dome IP Camera Support Onvif Compliant H.264 IR-Cut IR Distance15m Support iPhone/iPad/Android Mobile,osst-20130522075605,105,10,1151
720P WDR Outdoor IP Camera H.264 Image Compression IR-Cut Night Vasion 50M IR Distance,osst-20130522081426,145,10,1751
720P WDR  Outdoor IP Camera H.264 Image Compression Support WI-FI IR-Cut Night Vasion 30M IR Distance,osst-20130522084807,155,10,1251
720P WDR Outdoor IP Camera H.264 Image Compression IR-Cut Night Vasion 30M IR Distance,osst-20130522090011,160,50,1051
2.0 MP HD 4X Zoom IP Camera Support Onvif Motion Detection & Email Picture IR Range 40m ,osst-20130522092002,180,10,1751
720P WDR 4X Zoom Waterproof Day & Night IP Camera Support OnVif Compliant and POE Function ,osst-20130522095602,180,10,1751
2.0MP HD 4X Zoom Waterproof Day & Night IP Camera Support OnVif Compliant and POE Function ,osst-20130525030957,165,50,1751
720P WDR 4X Zoom IP Camera Support Onvif Motion Detection & Email Picture IR Range 40m ,osst-20130525031932,195,50,1751
2.0MP HD Outdoor IP Camera H.264 Image Compression Support WI-FI IR-Cut Night Vasion 30M IR Distance,osst-20130525032746,145,50,1051
2.0MP HD Outdoor IP Camera H.264 Image Compression Support WI-FI IR-Cut Night Vasion 30M IR Distance,osst-20130525033823,125,50,1251
2.0 Megapixel HD Outdoor IP Camera H.264 Image Compression Support WI-FI IR-Cut Night Vasion 50M IR Distance,osst-20130525040241,130,50,1751
720P WDR Dome IP Camera Support Onvif Compliant H.264 IR-Cut IR Distance15m Support iPhone/iPad/Android Mobile,osst-20130525041546,135,50,1151
2.0MP HD Wireless IP Camera 2-Way Audio H.264 Image Compression Motion Detection Support WI-FI,osst-20130525053642,175,50,1651
720P WDR Wireless IP Camera H.264 Motion Detection Support WI-FI OSD Night Vasion 40M IRDistance,osst-20130525070712,195,50,1799
2.0MP HD Wireless IP Camera H.264 Motion Detection Support WI-FI OSD Night Vasion 30M IR Distance,osst-20130525082939,135,50,1251
2.4G Wireless Baby Monitor For 2.4''LCD Display Night Vision And 100M Transmitting Range 2-Way Speaker Receiver,osst-20130528081808,95,50,301
"2.4GHZ Wireless  Digital Baby Monitor For 7"" LCD Display and Night Vision,Two Way Audio",osst-20130529020652,112,50,599
"2.4G Wireless Digital Baby Monitor 2.4'' LCD Display and Night Vision Two Way Audio,",osst-20130529034200,85,50,301
"2.4G Wireless  Digital Baby Monitor For 7"" LCD Display and Night Vision,Two Way Audio",osst-20130529073206,112,50,401
"2.4GHz Wireless  Handheld Baby Monitor 2.4"" TFT-LCD Display 8Pcs LED For Night Vision",osst-20130529075510,95,50,351
"2.4GHz Wireless  Handheld Baby Monitor 2.4"" TFT-LCD Display 6Pcs LED For Night Vision",osst-20130529083312,88,50,851
2.4G Wireless Ditigal Baby Monitor with 2.4'' Color LCD Reciver Video Recording and Talking Function,osst-20130529093403,125,50,251
2.4G Wireless Design Baby Monitor with 2.5 '' Color LCD Display Handheld Reciver and Melody Music Player,osst-20130530020710,95,50,401
2.4G Wireless Ditigal Baby Monitor with 2.4'' Color LCD Reciver Video Recording and Talking Function And Four Camera,osst-20130530020723,298,50,1501
2.4G Wireless Baby Monitor with 3.5 Inch LCD Display and Remote Control Night Vision Real Time Audio,osst-20130530025102,85,50,299
2.4G Wireless Baby Monitor with 3.5 Inch LCD Display and Remote Control Night Vision Real Time Audio,osst-20130530030507,85,50,299
2.4G Wireless Baby Monitor with 2.4'' LCD Display Night Vision Two Way Audio,osst-20130530054130,95,50,251
"2.4G Wireless Baby Monitor with 3.2"" TFT Screen Display Digital Recording Motion Detection Night Vision & Voice Activation",osst-20130530070126,95,50,799
2.4G Wireless Baby Monitor with 7''LCD Display and Night Vision Real-Time Clock Display Video And Audio Recording n & Voice Activation,osst-20130530074407,125,50,501
2.4G Wireless Digital Baby Monitor 2.5'' LCD Display Nght Vision Two-Way Intercom Real-Ttime Security Monitoring,osst-20130531023117,85,50,251
2.4G Wireless Digital Baby Monitor 2.5'' LCD Display Nght Vision Two-Way Intercom Real-Ttime Security Monitoring With Two Camera),osst-20130531024022,115,50,1001
2.4G Wireless Baby Monitor with 7''LCD Display And Night Vision Two Way Audio,osst-20130531025514,95,50,751
2.4G Wireless Baby Monitor With 2.5'' LCD Display With 4x Rechargable Li-battery Camera,osst-20130531031532,155,50,901
Flower Design 2.4G Wireless Baby Monitor With1.8 inch TFT LCD Display Night Vision Voice Control AV OUT,osst-20130531032450,75,50,299
2.4G Wireless Digital Baby Monitor  2.4Inch LCD Display with Night Vision Built-In Microphone for Audio Monitoring Motion Detection And Alarm,osst-20130531041016,95,50,599
2.4G Wireless Digital Baby Monitor  2.4Inch LCD Display with Night Vision Built-In Microphone for Audio Monitoring Motion Detection And Alarm,osst-20130531055103,95,0,599
Flower Design 2.4G Wireless Baby Monitor With1.5 inch TFT LCD Display Night Vision Voice Control AV OUT,osst-20130531055219,65,50,129
2.4GHz Wireless Baby Monitor 1.5''LCD Display and Night Vision Two Way Audio,osst-20130531061926,72,50,801
2.4GHz Wireless Bab Monitor 1.8''LCD Display and Night Vision Two Way Audio,osst-20130531073324,78,50,801
New Lovely Snowman Transmitter Wireless Baby Cry Detector Monitor Watcher Alarm,osst-20130531075821,7.5,50,79
New Lovely Snowman Transmitter Wireless Baby Cry Detector Monitor Watcher Alarm,osst-20130531083803,7.5,100,79
 Wireless Protable Audio Baby Monitor With Temperature Bedwetting Alarm,osst-20130531083903,35,50,299
2.4G Wireless Digital Baby Monitor 2.4Inch LCD Display With Night Vision Voice Activation ,osst-20130531093119,125,50,899
2.4GHz Wireless Bab Monitor 7''LCD Display and Night Vision Remote 2 Camera,osst-20130603031824,115,50,960
10X Auto Focusing Full HD-SDI Powerful Ambarella DSP Box Camera 1080P 6.44~61.35mm AF Lens IR-CUT RS485 OSD,osst-20130606065612,540,100,501
3X Auto Focusing Full HD-SDI Box Powerful Ambarella DSP 1080P 2.8mm~9mm AF Lens IR-CUT RS485 OSD,osst-20130606080658,270,100,399
"3X Auto Focusing Full HD-SDI IR Bullet Camera ,1080P 2.8~9mm AF Lens IR-CUT RS485 OSD 63LEDs",osst-20130607053337,300,100,1501
Super Low Illumination Sony Super HAD II CCD Starlight Camera 600TVL 2.8~10mm AI Lens IR-CUT RS485 OSD,osst-20130607060735,135,100,701
"Super Low Illumination 1/3"" Sony?Super HAD II?CCD 600TVL Bullet Camera 600TVL 2.8~10mm AI Lens IR-CUT RS485 OSD ",osst-20130607071004,140,100,1199
Super Low Illumination 1/3 Sony Super HAD II CCD Starlight Camera 600TVL 2.8~10mm AI Lens IR-CUT RS485 OSD,osst-20130607072625,135,100,1001
Super Low Illumination Sony Super HAD II CCD Starlight Camera 600TVL 2.8~10mm AI Lens DIP Switch,osst-20130607090652,120,100,501
Super Low Illumination Sony Super HAD II CCD Starlight Camera 600TVL 3.6mm Mega Lens DIP Switch,osst-20130607091731,98,100,399
Super Low Illumination Starlight Mini UFO Dome Camera 600TVL 3.7mm Pinhole Lens ,osst-20130607094226,108,100,299
Super Low Illumination Starlight Mini  Flying Saucer Camera 600TVL3.7mm Pinhole Lens,osst-20130607095929,105,100,299
Super Low Illumination Starlight Mini Pinhole Camera 600TVL 3.7mm Pinhole Lens ,osst-20130608052546,95,100,119
Super Low Illumination Starlight Mini Pinhole Camera 600TVL 3.7mm Pinhole Lens ,osst-20130608053742,95,100,149
CMOS Peep Hole Aluminum Alloy Camera 1/4 CMOS 380TVL,osst-20130610020025,22,100,149
Micro Wired Pinhole Color Audio Camera ,osst-20130610065253,15,100,99
Mini 1/4''SONY Color CCD Camera with built-in Microphone (Dimension: 15x15mm)Acid resisting High Hardness ,osst-20130611065232,25,100,99
Mini CCTV Camera With 1/3 Sony 420TVL 3.7mm Pinhole Lens,osst-20130611073723,25,100,151
Mini CCTV Camera with 1/3 Inch Sony CCD 420TVL 3.6mm Lens Free Mount Bracket,osst-20130611085931,28,100,151
"Mini 1/4''Sony Color CCD Camera with built-in Microphone (Dimension: ?16mm) + Acid Resisting, HighHardness ",osst-20130613024544,32,100,99
1/3 inch Sony Supper HAD Color CCD Mini Wired Camera (35x35mm size)420TVL,osst-20130614021745,32,100,79
Mini 1/3''SONY Color CCD Camera Dimension: 25x25mm And Small Volume Lightweight,osst-20130614024824,35,100,79
1/3 Sony 420TVL Mini Pin-hole Lens Camera with Sony CCD + Free Install Bracket ,osst-20130617021530,35,100,151
Infrared Illumination Light with 48 IR LEDs for Night Vision CCTV Camera DC 12V 500mA,osst-20130617024551,35,100,199
Mini Surveillance Security AV Camera with 6-LED Night Vision (DC 9V),osst-20130617030945,18,100,80
Micro Wired Pinhole Color Audio Camera 1/3 Sony Super HAD CCD 540TVL 3.7mm pinhole Lens,osst-20130617035342,55,100,79
Micro Wired Pinhole Color Audio Camera 1/3 Sony Super HAD CCD 420TVL 3.7mm pinhole Lens,osst-20130617040730,38,100,49
Micro Wired Pinhole Color Audio Camera 1/3 Sony HAD CCD 420TVL  3.7mm pinhole Lens,osst-20130617042011,32,100,79
Micro Wired Pinhole Color Audio Camera 1/3 Sony HAD CCD 420TVL  3.7mm pinhole Lens,osst-20130617055709,32,100,79
CCTV Hidden PIR Covert Camera 1/3 Sharp And Sony 650TVL Color CCD 3.7mm Lens,osst-20130619020200,45,100,99
Smoke Detector CCTV Color CCD Camera 1/3 Sharp And Sony 650TVL 3.7mm Lens,osst-20130619021551,42,100,99
CCTV Hidden PIR Covert Camera CCD 1/3 Sharp And Sony 650TV 3.7mm Lens,osst-20130619022417,45,100,129
4 Channel H.264 DVR VGA Output Network,osst-20130619031035,68,50,1599
"8 Channel DVR (H.264 Compression, Network)  ",osst-20130619064851,72,50,1751
16 Channel H.264 DVR Remote Access Network,osst-20130619070313,88,50,2601
8 Channel CCTV DVR with 10.5 Inch LCD Display Scree (H.264 2CH D1+6CH CIF Real Time),osst-20130619083806,215,100,2501
H.264 4 Channel D1 DVR System with 10.5 Inch LCD Display Screen,osst-20130619100004,195,100,1799
8 Channel CCTV DVR with 7 Inch LCD Display Scree (H.264 2CH D1+6CH CIF Real Time),osst-20130620022111,145,50,2501
H.264 4 Channel D1 DVR System with 7 Inch LCD Display Screen ,osst-20130620024947,135,50,1751
H.264 4CH CCTV DVR Recorder Full D1 Recording Playback Network Standalone DVR Recorder with 1CH Audio ,osst-20130620030518,52,50,1851
H.264 8CH CCTV DVR Recorder 2CH D1+6CH CIF Recording Playback Network Free DDNS,osst-20130620040909,58,50,1499
H.264 16CH CCTV DVR Recorder 2CH D1+14CH CIF Real Time VGA BNC HDMI output,osst-20130620042046,88,50,1801
H.264 4CH CCTV DVR Recorder Full D1 VGA and HDMI TV Output RS485 Network,osst-20130620064748,58,50,1751
H.264 8CH CCTV DVR Recorder 2CH D1+6CH CIF Real Time VGA and HDMI TV Output RS485 Network,osst-20130620071530,65,50,1799
H.264 16CH CCTV DVR Recorder 2CH D1+14CH CIF Real Time RS485 Network VGA BNC HDMI ,osst-20130620072639,88,50,1899
H.264 4CH CCTV DVR Recorder Full D1 Recording Network Playback,osst-20130620081740,58,50,1801
H.264 8CH CCTV DVR Recorder 2CH D1+6CH CIF Real Time VGA and TV Output RS485 Network,osst-20130620084240,65,50,1851
H.264 16CH CCTV DVR Recorder 2CH D1+14CH CIF Real Time VGA BNC HDMI output,osst-20130620085134,88,50,1901
4 Channel DVR Security System (H.264 Compression) ,osst-20130620091330,68,50,1851
8 Channel DVR Security System  H.264 Compression Motion Activated Recording,osst-20130620092434,75,50,1899
Black Wall Mount Stand Bracket for CCTV Security Camera (Base diameter:4.5cm),osst-20130621030847,1,100,91
Black Wall Mount Stand Bracket for CCTV Security Camera (Base diameter: 7.2cm),osst-20130621033600,1,100,79
Lightweight Universal Mount with Suction Grip for Digital Cameras,osst-20130621034855,1.8,100,51
04C Steel CCTV camera bracket  ,osst-20130621040726,1,100,121
Mini Adjustable Metallic Tripod for Digital Cameras ,osst-20130622020455,1,100,49
604 Aluminum Stand for Surveillance Security Camera,osst-20130622021517,1,100,101
Angle Adjustable Aluminum Stand for Surveillance Security Camera,osst-20130622023317,1,100,99
05C Stand Bracket for Surveillance Security Camera ,osst-20130622032405,1,100,129
602 Aluminum Bracket for Various CCTV Camera ,osst-20130622034156,1,100,49
CCTV Video Camera 5M BNC Male to BNC Male 75 ohm Coaxial Cable Black,osst-20130622040016,3.5,100,99
6Meters Video/Power Extension Cable for CCTV Camera BNC Video and Power 12V DC Integrated Cable,osst-20130622053622,3.8,100,129
10Meter CCTV Cable Video Power Cable For CCTV Camera RG59 Coaxial Cable,osst-20130622060413,4.8,100,199
20 Meters  Video/Power Extension Cable for CCTV Camera BNC Video and Power 12V DC Integrated Cable ,osst-20130622063327,7.5,100,399
30 Meters Video/Power Extension Cable for CCTV Camera BNC Video and Power 12V DC Integrated Cable,osst-20130622064859,9.5,100,599
40 Meters Video Extension Cable for CCTV Camera BNC Video and Power 12V DC Integrated Cable,osst-20130622065333,12.5,100,799
50Meter Video/Power Extension Cable for CCTV Camera BNC to BNC Cable with AC Adapter Connector  ,osst-20130622071625,15,100,1001
5PCS BNC Female to Female Converters Adapters ,osst-20130622083947,2,100,49
5PCS RCA Male to BNC Female Connector Adapter,osst-20130622090529,2,100,49
5PCS BNC Male Adapter Plug,osst-20130622100703,2.8,100,51
BNC Male Plug to RCA Male Plug Adapter Connector ,osst-20130622101453,2.8,100,51
4GB Mini Pen HD Video Hidden DVR Camera Camcorder Recorder 1280x960+4GB Micro SD,osst-20130704024749,19.5,50,101
8GB Pen Spy Hidden Camera DVR Video Recorder 1280x960 720x480 AVI 30fps ,osst-20130704035245,25,50,101
Hidden Gear Ballpointt Pen Video Camerar Built in DVR+Audio,osst-20130704042434,28,50,129
8GB HD 720P Hidden DVR Video Audio Camera Recorder H.264 1280X720 Motion Detect,osst-20130704061337,48,50,121
8GB Mini DV HD 720P Hidden Pen Camera Video Recorder Camcorder 1280x720 Gold Black,osst-20130704071237,32,50,129
Mini DV MD80 DVR Spy Video Camera Hidden Video Digital Camera ,osst-20130704080435,9.8,50,101
USB Flash Dish Hidden Camera USB mini DV DVR Cam Camcorder with Motion Detectio,osst-20130704085813,12,50,129
4GB Watch Video Recorder Hidden Camera DVR Waterproof Camcorder 1280x960 ,osst-20130704100516,25,50,151
4GB Brown Watch 720P HD Covert Hidden Video Camera Surveillance Recorder DVR ,osst-20130705025906,62,50,151
4GB 720P HD Mini DVR Waterproof Hidden Camera Watch DVR DV 1280*720P,osst-20130705033915,38,50,199
8GB Watch Video Recorder-Hidden Camera DVR Waterproof Camcorder 1280x960 ,osst-20130705041921,38,50,201
8GB 1080P Waterproof  Watch Camera Night Vision DVR High Resolution Watch DVR with IR HD Camera ,osst-20130705065659,52,50,249
8GB Waterproof Watch Mini HD Camera 12MP DV DVR Video Camcorder Full HD 1080P with IR Night Vision ,osst-20130705075647,52,50,249
8GB Watch Camera DVR Infrared Night Vision Video Recorder Watch,osst-20130705092108,55,50,199
16GB HD 720P Hidden Watch Camerar DVR Video Recorder,osst-20130705095631,75,50,249
Alarm Clock Shape Hidden Camera Wireless DVR USB Motion Alarm Digital Camera Mini DVR ,osst-20130705102209,32,50,179
1/3 inch CMOS Camera 6 LED Lights for Night Vison 380 TV Lines Built In Microphone,osst-20130708095204,22,100,79
1/3 inch CMOS Camera 380 TV Lines 6 LED Lights for Night Vison ,osst-20130709022137,18.5,100,79
Waterproof Camera 1/3 inch CMOS Night Vison 380 TV Lines,osst-20130709023958,22,100,121
Colour Waterproof Camera 1/3 inch CMOS 380 TVL Built-in Infrared LED For Night Vison,osst-20130709033817,28,100,101
Wireless CMOS Camera 2.4GHz Color CMOS Sensor Built In Microphone And Battery,osst-20130709035729,25,100,59
Wireless Micro CCTV Camera with Receiver Set 1.2GHz Night Vision 1/3 Inch CMOS,osst-20130709042237,25,100,151
2.4Ghz 4CH Ultra-small Wireless Camera Kit 380TVL CMOS Color Image Sensor,osst-20130709055742,32,100,121
Ultra Small 4Channel Wireless Camera Kit Built-in Microphone1/3 CMOS 380TVL Image Sensor,osst-20130709061624,35,100,129
Wireless Camera Kit - Built-in Microphone 4 Channels 1/3 Cmos 380TVL ,osst-20130709081537,35,100,201
4 Channels Wireless Camera Kit  And Mini Receiver 1/4 Inch Sharp CCD Sensor 420 TV Lines,osst-20130709083214,38,100,699
2.4g Wireless camera kit USB DVR 4ch+1 tiny camera pinhole camera for surveillance ,osst-20130709085907,38,100,121
2.4g Wireless camera kit USB DVR 4ch+1 tiny camera pinhole camera for surveillance ,,38,0,299
2.4G 4Channal Mini Wireless Color Night Vision CCTV IR Camera ,osst-20130709091531,25,100,299
2.4GHz Wireless Receiver with CCD Camera Kit 1/3 CMOS 380TVL,osst-20130709094512,65,100,299
2.4G Wireless USB DVR mini wireless Camera Kit Security System +4Pcs Wireless Camera,osst-20130709100202,88,100,449
2.4GHz Mini Micro Spy Hidden Nanny Wireless Camera 50-100 Meters Range,osst-20130710024416,68,100,801
